smiles	cation	anion	name	cas	url
CC(=O)[O-].CCn1cc[n+](C)c1	CCn1cc[n+](C)c1	CC(=O)[O-]	1-Ethyl-3-methylimidazolium acetate	143314-17-4	https://proionic.com/bestseller/EMIM-OAc.php
CCCCCCCC(=O)[O-].CCn1cc[n+](C)c1	CCn1cc[n+](C)c1	CCCCCCCC(=O)[O-]	1-Ethyl-3-methylimidazolium octanoate	1154003-55-0	https://proionic.com/bestseller/EMIM-OOc.php
CCn1cc[n+](C)c1.COC(=O)[O-]	CCn1cc[n+](C)c1	COC(=O)[O-]	1-Ethyl-3-methylimidazolium methylcarbonate solution, approx. 30 %w in methanol	251102-25-7	https://proionic.com/bestseller/EMIM-MC-solution-in-MeOH.php
CCn1cc[n+](C)c1.O=S(=O)([O-])C(F)(F)F	CCn1cc[n+](C)c1	O=S(=O)([O-])C(F)(F)F	1-Ethyl-3-methylimidazolium trifluoromethanesulf​onate	145022-44-2	https://proionic.com/bestseller/EMIM-OTf.php
CCn1cc[n+](C)c1.CS(=O)(=O)[O-]	CCn1cc[n+](C)c1	CS(=O)(=O)[O-]	1-Ethyl-3-methylimidazolium methanesulf​onate	145022-45-3	https://proionic.com/bestseller/EMIM-MeSO3.php
CCn1cc[n+](C)c1.F[B-](F)(F)F	CCn1cc[n+](C)c1	F[B-](F)(F)F	1-Ethyl-3-methylimidazolium tetrafluoroborate (electronic grade)	143314-16-3	https://proionic.com/bestseller/EMIM-BF4-electronic-grade.php
CCn1cc[n+](C)c1.O=S(=O)([N-]S(=O)(=O)C(F)(F)F)C(F)(F)F	CCn1cc[n+](C)c1	O=S(=O)([N-]S(=O)(=O)C(F)(F)F)C(F)(F)F	1-Ethyl-3-methylimidazolium bis(trifluoromethyls​ulfonyl)​imide (electronic grade)	174899-82-2	https://proionic.com/bestseller/EMIM-TFSI-electronic-grade.php
CCn1cc[n+](C)c1.O=S(=O)(F)[N-]S(=O)(=O)F	CCn1cc[n+](C)c1	O=S(=O)(F)[N-]S(=O)(=O)F	1-Ethyl-3-methylimidazolium bis(fluorosulfonyl)imide	235789-75-0	https://proionic.com/bestseller/EMIM-FSI.php
CCC(=O)[O-].CCn1cc[n+](C)c1	CCn1cc[n+](C)c1	CCC(=O)[O-]	1-Ethyl-3-methylimidazolium propionate	865627-64-1	https://proionic.com/bestseller/1-Ethyl-3-methylimidazolium-propionate.php
CC(=O)[O-].CCCCn1cc[n+](C)c1	CCCCn1cc[n+](C)c1	CC(=O)[O-]	1-Butyl-3-methylimidazolium acetate	284049-75-8	https://proionic.com/bestseller/BMIM-OAc.php
CCCCn1cc[n+](C)c1.COC(=O)[O-]	CCCCn1cc[n+](C)c1	COC(=O)[O-]	1-Butyl-3-methylimidazolium methylcarbonate, approx. 30 %w in methanol	916850-37-8	https://proionic.com/bestseller/BMIM-MC.php
CCCCn1cc[n+](C)c1.F[B-](F)(F)F	CCCCn1cc[n+](C)c1	F[B-](F)(F)F	1-Butyl-3-methylimidazolium tetrafluoroborate	174501-65-6	https://proionic.com/bestseller/BMIM-BF4.php
CCCCn1cc[n+](C)c1.O=S(=O)([N-]S(=O)(=O)C(F)(F)F)C(F)(F)F	CCCCn1cc[n+](C)c1	O=S(=O)([N-]S(=O)(=O)C(F)(F)F)C(F)(F)F	1-Butyl-3-methylimidazolium bis(trifluoromethylsulfonyl)imide (electronic grade)	174899-83-3	https://proionic.com/bestseller/BMIM-TFSI.php
CCCC[N+]1(C)CCCC1.O=S(=O)([N-]S(=O)(=O)C(F)(F)F)C(F)(F)F	CCCC[N+]1(C)CCCC1	O=S(=O)([N-]S(=O)(=O)C(F)(F)F)C(F)(F)F	1-Butyl-1-methylpyrrolidinium bis(trifluoromethylsulfonyl)imide	223437-11-4	https://proionic.com/bestseller/BMPyrr-TFSI.php
CCCC[N+]1(C)CCCC1.O=S(=O)(F)[N-]S(=O)(=O)F	CCCC[N+]1(C)CCCC1	O=S(=O)(F)[N-]S(=O)(=O)F	1-Butyl-1-methylpyrrolidinium bis(fluorosulfonyl)imide	1057745-51-3	https://proionic.com/bestseller/BMPyrr-FSI.php
C[N+](C)(C)CCO.NCCCC[C@H](N)C(=O)[O-]	C[N+](C)(C)CCO	NCCCC[C@H](N)C(=O)[O-]	Cholinium L lysinate	1361335-94-5	https://proionic.com/bestseller/Chol-Lys.php
CC(=O)[O-].C[N+](C)(C)CCO	C[N+](C)(C)CCO	CC(=O)[O-]	Cholinium acetate	14586-35-7	https://proionic.com/bestseller/Cholinium-acetate.php
CC(=O)[O-].CCn1cc[n+](C)c1	CCn1cc[n+](C)c1	CC(=O)[O-]	1-Ethyl-3-methylimidazolium acetate	143314-17-4	https://proionic.com/bestseller/EMIM-OAc.php
CCCCCCCC(=O)[O-].CCn1cc[n+](C)c1	CCn1cc[n+](C)c1	CCCCCCCC(=O)[O-]	1-Ethyl-3-methylimidazolium octanoate	1154003-55-0	https://proionic.com/bestseller/EMIM-OOc.php
CCn1cc[n+](C)c1.COC(=O)[O-]	CCn1cc[n+](C)c1	COC(=O)[O-]	1-Ethyl-3-methylimidazolium methylcarbonate solution, approx. 30 %w in methanol	251102-25-7	https://proionic.com/bestseller/EMIM-MC-solution-in-MeOH.php
CCn1cc[n+](C)c1.O=S(=O)([O-])C(F)(F)F	CCn1cc[n+](C)c1	O=S(=O)([O-])C(F)(F)F	1-Ethyl-3-methylimidazolium trifluoromethanesulf​onate	145022-44-2	https://proionic.com/bestseller/EMIM-OTf.php
CCn1cc[n+](C)c1.CS(=O)(=O)[O-]	CCn1cc[n+](C)c1	CS(=O)(=O)[O-]	1-Ethyl-3-methylimidazolium methanesulf​onate	145022-45-3	https://proionic.com/bestseller/EMIM-MeSO3.php
CCn1cc[n+](C)c1.F[B-](F)(F)F	CCn1cc[n+](C)c1	F[B-](F)(F)F	1-Ethyl-3-methylimidazolium tetrafluoroborate (electronic grade)	143314-16-3	https://proionic.com/bestseller/EMIM-BF4-electronic-grade.php
CCn1cc[n+](C)c1.O=S(=O)([N-]S(=O)(=O)C(F)(F)F)C(F)(F)F	CCn1cc[n+](C)c1	O=S(=O)([N-]S(=O)(=O)C(F)(F)F)C(F)(F)F	1-Ethyl-3-methylimidazolium bis(trifluoromethyls​ulfonyl)​imide (electronic grade)	174899-82-2	https://proionic.com/bestseller/EMIM-TFSI-electronic-grade.php
CCn1cc[n+](C)c1.O=S(=O)(F)[N-]S(=O)(=O)F	CCn1cc[n+](C)c1	O=S(=O)(F)[N-]S(=O)(=O)F	1-Ethyl-3-methylimidazolium bis(fluorosulfonyl)imide	235789-75-0	https://proionic.com/bestseller/EMIM-FSI.php
CCC(=O)[O-].CCn1cc[n+](C)c1	CCn1cc[n+](C)c1	CCC(=O)[O-]	1-Ethyl-3-methylimidazolium propionate	865627-64-1	https://proionic.com/bestseller/1-Ethyl-3-methylimidazolium-propionate.php
CC(=O)[O-].CCCCn1cc[n+](C)c1	CCCCn1cc[n+](C)c1	CC(=O)[O-]	1-Butyl-3-methylimidazolium acetate	284049-75-8	https://proionic.com/bestseller/BMIM-OAc.php
CCCCn1cc[n+](C)c1.COC(=O)[O-]	CCCCn1cc[n+](C)c1	COC(=O)[O-]	1-Butyl-3-methylimidazolium methylcarbonate, approx. 30 %w in methanol	916850-37-8	https://proionic.com/bestseller/BMIM-MC.php
CCCCn1cc[n+](C)c1.F[B-](F)(F)F	CCCCn1cc[n+](C)c1	F[B-](F)(F)F	1-Butyl-3-methylimidazolium tetrafluoroborate	174501-65-6	https://proionic.com/bestseller/BMIM-BF4.php
CCCCn1cc[n+](C)c1.O=S(=O)([N-]S(=O)(=O)C(F)(F)F)C(F)(F)F	CCCCn1cc[n+](C)c1	O=S(=O)([N-]S(=O)(=O)C(F)(F)F)C(F)(F)F	1-Butyl-3-methylimidazolium bis(trifluoromethylsulfonyl)imide (electronic grade)	174899-83-3	https://proionic.com/bestseller/BMIM-TFSI.php
CCCC[N+]1(C)CCCC1.O=S(=O)([N-]S(=O)(=O)C(F)(F)F)C(F)(F)F	CCCC[N+]1(C)CCCC1	O=S(=O)([N-]S(=O)(=O)C(F)(F)F)C(F)(F)F	1-Butyl-1-methylpyrrolidinium bis(trifluoromethylsulfonyl)imide	223437-11-4	https://proionic.com/bestseller/BMPyrr-TFSI.php
CCCC[N+]1(C)CCCC1.O=S(=O)(F)[N-]S(=O)(=O)F	CCCC[N+]1(C)CCCC1	O=S(=O)(F)[N-]S(=O)(=O)F	1-Butyl-1-methylpyrrolidinium bis(fluorosulfonyl)imide	1057745-51-3	https://proionic.com/bestseller/BMPyrr-FSI.php
C[N+](C)(C)CCO.NCCCC[C@H](N)C(=O)[O-]	C[N+](C)(C)CCO	NCCCC[C@H](N)C(=O)[O-]	Cholinium L lysinate	1361335-94-5	https://proionic.com/bestseller/Chol-Lys.php
CC(=O)[O-].C[N+](C)(C)CCO	C[N+](C)(C)CCO	CC(=O)[O-]	Cholinium acetate	14586-35-7	https://proionic.com/bestseller/Cholinium-acetate.php
CCCCCCCCCCn1cc[n+](C)c1.O=S(=O)([N-]S(=O)(=O)C(F)(F)F)C(F)(F)F	CCCCCCCCCCn1cc[n+](C)c1	O=S(=O)([N-]S(=O)(=O)C(F)(F)F)C(F)(F)F	1-Decyl-3-methylimidazolium bis(trifluoromethylsulfonyl)imide	433337-23-6	https://iolitec.de/index.php/products/ionic_liquids/catalogue/imidazolium-based/il-0100-hp
CC[n+]1cccc(C)c1.O=S(=O)([N-]S(=O)(=O)C(F)(F)F)C(F)(F)F	CC[n+]1cccc(C)c1	O=S(=O)([N-]S(=O)(=O)C(F)(F)F)C(F)(F)F	1-Ethyl-3-methylpyridinium bis(trifluoromethylsulfonyl)imide	841251-37-4	https://iolitec.de/index.php/products/ionic_liquids/catalogue/pyridinium-based/il-0214-hp
CC[n+]1ccccc1.[Br-]	CC[n+]1ccccc1	[Br-]	1-Ethylpyridinium bromide	1906-79-2	https://iolitec.de/index.php/products/ionic_liquids/catalogue/pyridinium-based/il-0171-hp
CCCCCCn1cc[n+](C)c1.O=S(=O)([O-])C(F)(F)F	CCCCCCn1cc[n+](C)c1	O=S(=O)([O-])C(F)(F)F	1-Hexyl-3-methylimidazolium triflate	460345-16-8	https://iolitec.de/index.php/products/ionic_liquids/catalogue/imidazolium-based/il-0070-hp
CCCn1cc[n+](C)c1C.O=S(=O)([N-]S(=O)(=O)C(F)(F)F)C(F)(F)F	CCCn1cc[n+](C)c1C	O=S(=O)([N-]S(=O)(=O)C(F)(F)F)C(F)(F)F	1,2-Dimethyl-3-propylimidazolium bis(trifluoromethylsulfonyl)imide	169051-76-7	https://iolitec.de/index.php/products/ionic_liquids/catalogue/imidazolium-based/il-0134-hp
CCCn1cc[n+](C)c1C.[Br-]	CCCn1cc[n+](C)c1C	[Br-]	1,2-Dimethyl-3-propylimidazolium bromide	107937-17-7	https://iolitec.de/index.php/products/ionic_liquids/catalogue/imidazolium-based/il-0229-hp
CCCn1cc[n+](C)c1C.[I-]	CCCn1cc[n+](C)c1C	[I-]	1,2-Dimethyl-3-propylimidazolium iodide	218151-78-1	https://iolitec.de/index.php/products/ionic_liquids/catalogue/imidazolium-based/il-0049-hp
CCCn1cc[n+](C)c1C.[I-]	CCCn1cc[n+](C)c1C	[I-]	1,2-Dimethyl-3-propylimidazolium iodide	218151-78-1	https://iolitec.de/index.php/products/ionic_liquids/catalogue/ready-use-electrolytes/iolilyte-pve-2000
CC1=NC=C[NH+]1C.O=S(=O)([N-]S(=O)(=O)C(F)(F)F)C(F)(F)F	CC1=NC=C[NH+]1C	O=S(=O)([N-]S(=O)(=O)C(F)(F)F)C(F)(F)F	1,2-Dimethylimidazolium bis(trifluoromethylsulfonyl)imide	353239-12-0	https://iolitec.de/index.php/products/ionic_liquids/catalogue/imidazolium-based/il-0278-sg
CC1=NC=C[NH+]1C.[Cl-]	CC1=NC=C[NH+]1C	[Cl-]	1,2-Dimethylimidazolium chloride	34531-53-8	https://iolitec.de/index.php/products/ionic_liquids/catalogue/imidazolium-based/il-0277-sg
CCCCCCCCCCn1cc[n+](CCCCCCCCCC)c1C.[Cl-]	CCCCCCCCCCn1cc[n+](CCCCCCCCCC)c1C	[Cl-]	1,3-Didecyl-2-methylimidazolium chloride	70862-65-6	https://iolitec.de/index.php/products/ionic_liquids/catalogue/imidazolium-based/il-0046-hp
CCn1cc[n+](CC)c1.F[P-](F)(F)(F)(F)F	CCn1cc[n+](CC)c1	F[P-](F)(F)(F)(F)F	1,3-Diethylimidazolium  hexafluorophosphate	370085-15-7	https://iolitec.de/index.php/products/ionic_liquids/catalogue/imidazolium-based/il-0281-hp
CCn1cc[n+](CC)c1.O=S(=O)([N-]S(=O)(=O)C(F)(F)F)C(F)(F)F	CCn1cc[n+](CC)c1	O=S(=O)([N-]S(=O)(=O)C(F)(F)F)C(F)(F)F	1,3-Diethylimidazolium bis(trifluoromethylsulfonyl)imide	174899-88-8	https://iolitec.de/index.php/products/ionic_liquids/catalogue/imidazolium-based/il-0188-hp
CCn1cc[n+](CC)c1.[Br-]	CCn1cc[n+](CC)c1	[Br-]	1,3-Diethylimidazolium bromide	54304-66-4	https://iolitec.de/index.php/products/ionic_liquids/catalogue/imidazolium-based/il-0279-hp
CCOP(=O)([O-])OCC.CCn1cc[n+](CC)c1	CCn1cc[n+](CC)c1	CCOP(=O)([O-])OCC	1,3-Diethylimidazolium diethyl phosphate	945406-32-6	https://iolitec.de/index.php/products/ionic_liquids/catalogue/imidazolium-based/il-0245-hp
CCOS(=O)(=O)[O-].CCn1cc[n+](CC)c1	CCn1cc[n+](CC)c1	CCOS(=O)(=O)[O-]	1,3-Diethylimidazolium ethyl sulfate	516474-04-7	https://iolitec.de/index.php/products/ionic_liquids/catalogue/imidazolium-based/il-0244-hp
CCn1cc[n+](CC)c1.F[B-](F)(F)F	CCn1cc[n+](CC)c1	F[B-](F)(F)F	1,3-Diethylimidazolium tetrafluoroborate	847335-65-3	https://iolitec.de/index.php/products/ionic_liquids/catalogue/imidazolium-based/il-0280-hp
Cn1cc[n+](C)c1.O=S(=O)([N-]S(=O)(=O)C(F)(F)F)C(F)(F)F	Cn1cc[n+](C)c1	O=S(=O)([N-]S(=O)(=O)C(F)(F)F)C(F)(F)F	1,3-Dimethylimidazolium bis(trifluoromethylsulfonyl)imide	174899-81-1	https://iolitec.de/index.php/products/ionic_liquids/catalogue/imidazolium-based/il-0198-hp
COP(=O)([O-])OC.Cn1cc[n+](C)c1	Cn1cc[n+](C)c1	COP(=O)([O-])OC	1,3-Dimethylimidazolium dimethyl phosphate	654058-04-5	https://iolitec.de/index.php/products/ionic_liquids/catalogue/imidazolium-based/il-0053-hp
Cn1cc[n+](C)c1.[I-]	Cn1cc[n+](C)c1	[I-]	1,3-Dimethylimidazolium iodide	4333-62-4	https://iolitec.de/index.php/products/ionic_liquids/catalogue/ready-use-electrolytes/iolilyte-pve-5000
COS(=O)(=O)[O-].Cn1cc[n+](C)c1	Cn1cc[n+](C)c1	COS(=O)(=O)[O-]	1,3-Dimethylimidazolium methyl sulfate	97345-90-9	https://iolitec.de/index.php/products/ionic_liquids/catalogue/imidazolium-based/il-0243-hp
CP(=O)([O-])[O-].Cn1cc[n+](C)c1.Cn1cc[n+](C)c1	Cn1cc[n+](C)c1	CP(=O)([O-])[O-]	1,3-Dimethylimidazolium methylphosphonate	1048377-03-2	https://iolitec.de/index.php/products/ionic_liquids/catalogue/imidazolium-based/il-0358-hp
C[n+]1ccn(CCO)c1.O=S(=O)([N-]S(=O)(=O)C(F)(F)F)C(F)(F)F	C[n+]1ccn(CCO)c1	O=S(=O)([N-]S(=O)(=O)C(F)(F)F)C(F)(F)F	1-(2-Hydroxyethyl)-3-methylimidazolium bis(trifluoromethylsulfonyl)imide	174899-86-6	https://iolitec.de/index.php/products/ionic_liquids/catalogue/imidazolium-based/il-0194-hp
C[n+]1ccn(CCO)c1.[Cl-]	C[n+]1ccn(CCO)c1	[Cl-]	1-(2-Hydroxyethyl)-3-methylimidazolium chloride	61755-34-8	https://iolitec.de/index.php/products/ionic_liquids/catalogue/imidazolium-based/il-0039-hp
C[n+]1ccn(CCO)c1.F[B-](F)(F)F	C[n+]1ccn(CCO)c1	F[B-](F)(F)F	1-(2-Hydroxyethyl)-3-methylimidazolium tetrafluoroborate	374564-83-7	https://iolitec.de/index.php/products/ionic_liquids/catalogue/imidazolium-based/il-0038-hp
COCC[N+]1(C)CCCC1.O=S(=O)(F)[N-]S(=O)(=O)F	COCC[N+]1(C)CCCC1	O=S(=O)(F)[N-]S(=O)(=O)F	1-(2-Methoxyethyl)-1-methylpyrrolidinium bis(fluorosulfonyl)imide	1235234-47-5	https://iolitec.de/index.php/products/ionic_liquids/catalogue/pyrrolidinium-based/il-0360-hp
COCC[N+]1(C)CCCC1.O=S(=O)([N-]S(=O)(=O)C(F)(F)F)C(F)(F)F	COCC[N+]1(C)CCCC1	O=S(=O)([N-]S(=O)(=O)C(F)(F)F)C(F)(F)F	1-(2-Methoxyethyl)-1-methylpyrrolidinium bis(trifluoromethylsulfonyl)imide	757240-24-7	https://iolitec.de/index.php/products/ionic_liquids/catalogue/pyrrolidinium-based/il-0359-hp
COCCn1cc[n+](C)c1.O=S(=O)([N-]S(=O)(=O)C(F)(F)F)C(F)(F)F	COCCn1cc[n+](C)c1	O=S(=O)([N-]S(=O)(=O)C(F)(F)F)C(F)(F)F	1-(2-Methoxyethyl)-3-methylimidazolium bis(trifluoromethylsulfonyl)imide	178631-01-1	https://iolitec.de/index.php/products/ionic_liquids/catalogue/imidazolium-based/il-0333-hp
C[n+]1ccn(CCCCS(=O)(=O)O)c1.O=S(=O)([N-]S(=O)(=O)C(F)(F)F)C(F)(F)F	C[n+]1ccn(CCCCS(=O)(=O)O)c1	O=S(=O)([N-]S(=O)(=O)C(F)(F)F)C(F)(F)F	1-(4-sulfobutyl)-3-methylimidazolium bis(trifluoromethylsulfonyl)imide	909390-59-6	https://iolitec.de/index.php/products/ionic_liquids/catalogue/imidazolium-based/il-0354-hp
C[n+]1ccn(CCCCS(=O)(=O)O)c1.O=S(=O)([O-])C(F)(F)F	C[n+]1ccn(CCCCS(=O)(=O)O)c1	O=S(=O)([O-])C(F)(F)F	1-(4-sulfobutyl)-3-methylimidazolium triflate	657414-80-7	https://iolitec.de/index.php/products/ionic_liquids/catalogue/imidazolium-based/il-0353-hp
C=CCn1cc[n+](C)c1.O=S(=O)([N-]S(=O)(=O)C(F)(F)F)C(F)(F)F	C=CCn1cc[n+](C)c1	O=S(=O)([N-]S(=O)(=O)C(F)(F)F)C(F)(F)F	1-Allyl-3-methylimidazolium bis(trifluoromethylsulfonyl)imide	655249-87-9	https://iolitec.de/index.php/products/ionic_liquids/catalogue/imidazolium-based/il-0239-hp
C=CCn1cc[n+](C)c1.[Cl-]	C=CCn1cc[n+](C)c1	[Cl-]	1-Allyl-3-methylimidazolium chloride	65039-10-3	https://iolitec.de/index.php/products/ionic_liquids/catalogue/imidazolium-based/il-0022-hp
C=CCn1cc[n+](C)c1.N#CN=C=[N-]	C=CCn1cc[n+](C)c1	N#CN=C=[N-]	1-Allyl-3-methylimidazolium dicyanamide	917956-73-1	https://iolitec.de/index.php/products/ionic_liquids/catalogue/imidazolium-based/il-0240-hp
C=CCn1cc[n+](C)c1.[I-]	C=CCn1cc[n+](C)c1	[I-]	1-Allyl-3-methylimidazolium iodide	65039-07-8	https://iolitec.de/index.php/products/ionic_liquids/catalogue/imidazolium-based/il-0231-hp
C[n+]1ccn(Cc2ccccc2)c1.O=S(=O)([N-]S(=O)(=O)C(F)(F)F)C(F)(F)F	C[n+]1ccn(Cc2ccccc2)c1	O=S(=O)([N-]S(=O)(=O)C(F)(F)F)C(F)(F)F	1-Benzyl-3-methylimidazolium bis(trifluoromethylsulfonyl)imide	433337-24-7	https://iolitec.de/index.php/products/ionic_liquids/catalogue/imidazolium-based/il-0241-hp
C[n+]1ccn(Cc2ccccc2)c1.[Cl-]	C[n+]1ccn(Cc2ccccc2)c1	[Cl-]	1-Benzyl-3-methylimidazolium chloride	36443-80-8	https://iolitec.de/index.php/products/ionic_liquids/catalogue/imidazolium-based/il-0140-hp
C[n+]1ccn(Cc2ccccc2)c1.N#CN=C=[N-]	C[n+]1ccn(Cc2ccccc2)c1	N#CN=C=[N-]	1-Benzyl-3-methylimidazolium dicyanamide	958445-60-8	https://iolitec.de/index.php/products/ionic_liquids/catalogue/imidazolium-based/il-0242-hp
C[n+]1ccn(Cc2ccccc2)c1.F[P-](F)(F)(F)(F)F	C[n+]1ccn(Cc2ccccc2)c1	F[P-](F)(F)(F)(F)F	1-Benzyl-3-methylimidazolium hexafluorophosphate	433337-11-2	https://iolitec.de/index.php/products/ionic_liquids/catalogue/imidazolium-based/il-0187-hp
C[n+]1ccn(Cc2ccccc2)c1.F[B-](F)(F)F	C[n+]1ccn(Cc2ccccc2)c1	F[B-](F)(F)F	1-Benzyl-3-methylimidazolium tetrafluoroborate	500996-04-3	https://iolitec.de/index.php/products/ionic_liquids/catalogue/imidazolium-based/il-0193-hp
CCCC[N+]1(C)CCCCC1.O=S(=O)([N-]S(=O)(=O)C(F)(F)F)C(F)(F)F	CCCC[N+]1(C)CCCCC1	O=S(=O)([N-]S(=O)(=O)C(F)(F)F)C(F)(F)F	1-Butyl-1-methylpiperidinium bis(trifluoromethylsulfonyl)imide	623580-02-9	https://iolitec.de/index.php/products/ionic_liquids/catalogue/piperidinium-based/il-0154-hp
CCCC[N+]1(C)CCCCC1.[Br-]	CCCC[N+]1(C)CCCCC1	[Br-]	1-Butyl-1-methylpiperidinium bromide	94280-72-5	https://iolitec.de/index.php/products/ionic_liquids/catalogue/piperidinium-based/iolilyte-fbe-3000
CCCC[N+]1(C)CCCCC1.[Br-]	CCCC[N+]1(C)CCCCC1	[Br-]	1-Butyl-1-methylpiperidinium bromide	94280-72-5	https://iolitec.de/index.php/products/ionic_liquids/catalogue/piperidinium-based/il-0153-hp
CCCC[N+]1(C)CCCCC1.[Cl-]	CCCC[N+]1(C)CCCCC1	[Cl-]	1-Butyl-1-methylpiperidinium chloride	845790-13-8	https://iolitec.de/index.php/products/ionic_liquids/catalogue/piperidinium-based/il-0155-hp
CCCC[N+]1(C)CCCCC1.F[P-](F)(F)(F)(F)F	CCCC[N+]1(C)CCCCC1	F[P-](F)(F)(F)(F)F	1-Butyl-1-methylpiperidinium hexafluorophosphate	1257647-66-7	https://iolitec.de/index.php/products/ionic_liquids/catalogue/piperidinium-based/il-0156-hp
CCCC[N+]1(C)CCCCC1.[I-]	CCCC[N+]1(C)CCCCC1	[I-]	1-Butyl-1-methylpiperidinium iodide	37971-78-1	https://iolitec.de/index.php/products/ionic_liquids/catalogue/piperidinium-based/il-0169-hp
CCCC[N+]1(C)CCCCC1.F[B-](F)(F)F	CCCC[N+]1(C)CCCCC1	F[B-](F)(F)F	1-Butyl-1-methylpiperidinium tetrafluoroborate	886439-34-5	https://iolitec.de/index.php/products/ionic_liquids/catalogue/piperidinium-based/il-0152-hp
CCCC[N+]1(C)CCCCC1.O=S(=O)([O-])C(F)(F)F	CCCC[N+]1(C)CCCCC1	O=S(=O)([O-])C(F)(F)F	1-Butyl-1-methylpiperidinium triflate	1357500-93-6	https://iolitec.de/index.php/products/ionic_liquids/catalogue/piperidinium-based/il-0174-hp
CCCC[N+]1(C)CCCC1.O=S(=O)(F)[N-]S(=O)(=O)F	CCCC[N+]1(C)CCCC1	O=S(=O)(F)[N-]S(=O)(=O)F	1-Butyl-1-methylpyrrolidinium bis(fluorosulfonyl)imide, >99.5%	1057745-51-3	https://iolitec.de/index.php/products/ionic_liquids/catalogue/pyrrolidinium-based/il-0343
CCCC[N+]1(C)CCCC1.O=S(=O)([N-]S(=O)(=O)C(F)(F)F)C(F)(F)F	CCCC[N+]1(C)CCCC1	O=S(=O)([N-]S(=O)(=O)C(F)(F)F)C(F)(F)F	1-Butyl-1-methylpyrrolidinium bis(trifluoromethylsulfonyl)imide, 99.5%	223437-11-4	https://iolitec.de/index.php/products/ionic_liquids/catalogue/pyrrolidinium-based/il-0035
CCCC[N+]1(C)CCCC1.O=S(=O)([N-]S(=O)(=O)C(F)(F)F)C(F)(F)F	CCCC[N+]1(C)CCCC1	O=S(=O)([N-]S(=O)(=O)C(F)(F)F)C(F)(F)F	1-Butyl-1-methylpyrrolidinium bis(trifluoromethylsulfonyl)imide, 99.5% - OP	223437-11-4	https://iolitec.de/index.php/products/ionic_liquids/catalogue/pyrrolidinium-based/il-0035-op
CCCC[N+]1(C)CCCC1.[Br-]	CCCC[N+]1(C)CCCC1	[Br-]	1-Butyl-1-methylpyrrolidinium bromide	93457-69-3	https://iolitec.de/index.php/products/ionic_liquids/catalogue/pyrrolidinium-based/il-0074-hp
CCCC[N+]1(C)CCCC1.[Cl-]	CCCC[N+]1(C)CCCC1	[Cl-]	1-Butyl-1-methylpyrrolidinium chloride	479500-35-1	https://iolitec.de/index.php/products/ionic_liquids/catalogue/pyrrolidinium-based/il-0075-hp
CCCC[N+]1(C)CCCC1.N#CN=C=[N-]	CCCC[N+]1(C)CCCC1	N#CN=C=[N-]	1-Butyl-1-methylpyrrolidinium dicyanamide	370865-80-8	https://iolitec.de/index.php/products/ionic_liquids/catalogue/pyrrolidinium-based/il-0041-hp
CCCC[N+]1(C)CCCC1.F[P-](F)(F)(F)(F)F	CCCC[N+]1(C)CCCC1	F[P-](F)(F)(F)(F)F	1-Butyl-1-methylpyrrolidinium hexafluorophosphate	330671-29-9	https://iolitec.de/index.php/products/ionic_liquids/catalogue/pyrrolidinium-based/il-0076-hp
CCCC[N+]1(C)CCCC1.[I-]	CCCC[N+]1(C)CCCC1	[I-]	1-Butyl-1-methylpyrrolidinium iodide	56511-17-2	https://iolitec.de/index.php/products/ionic_liquids/catalogue/pyrrolidinium-based/il-0050-hp
CCCC[N+]1(C)CCCC1.COC(=O)[O-]	CCCC[N+]1(C)CCCC1	COC(=O)[O-]	1-Butyl-1-methylpyrrolidinium methylcarbonate in MeOH	1223496-96-5	https://iolitec.de/index.php/products/ionic_liquids/catalogue/pyrrolidinium-based/0029-sg
CCCC[N+]1(C)CCCC1.F[B-](F)(F)F	CCCC[N+]1(C)CCCC1	F[B-](F)(F)F	1-Butyl-1-methylpyrrolidinium tetrafluoroborate	345984-11-4	https://iolitec.de/index.php/products/ionic_liquids/catalogue/pyrrolidinium-based/il-0077-hp
CCCC[N+]1(C)CCCC1.N#CC(=C=[N-])C#N	CCCC[N+]1(C)CCCC1	N#CC(=C=[N-])C#N	1-Butyl-1-methylpyrrolidinium tricyanomethanide	878027-72-6	https://iolitec.de/index.php/products/ionic_liquids/catalogue/pyrrolidinium-based/il-0318-hp
CCCC[N+]1(C)CCCC1.O=S(=O)([O-])C(F)(F)F	CCCC[N+]1(C)CCCC1	O=S(=O)([O-])C(F)(F)F	1-Butyl-1-methylpyrrolidinium triflate	367522-96-1	https://iolitec.de/index.php/products/ionic_liquids/catalogue/pyrrolidinium-based/il-0113-hp
CCCCn1cc[n+](C)c1C.O=S(=O)([N-]S(=O)(=O)C(F)(F)F)C(F)(F)F	CCCCn1cc[n+](C)c1C	O=S(=O)([N-]S(=O)(=O)C(F)(F)F)C(F)(F)F	1-Butyl-2,3-dimethylimidazolium bis(trifluoromethylsulfonyl)imide	350493-08-2	https://iolitec.de/index.php/products/ionic_liquids/catalogue/imidazolium-based/il-0104-hp
CCCCn1cc[n+](C)c1C.[Br-]	CCCCn1cc[n+](C)c1C	[Br-]	1-Butyl-2,3-dimethylimidazolium bromide	475575-45-2	https://iolitec.de/index.php/products/ionic_liquids/catalogue/imidazolium-based/il-0055-hp
CCCCn1cc[n+](C)c1C.[Cl-]	CCCCn1cc[n+](C)c1C	[Cl-]	1-Butyl-2,3-dimethylimidazolium chloride	98892-75-2	https://iolitec.de/index.php/products/ionic_liquids/catalogue/imidazolium-based/il-0056-hp
CCCCn1cc[n+](C)c1C.F[P-](F)(F)(F)(F)F	CCCCn1cc[n+](C)c1C	F[P-](F)(F)(F)(F)F	1-Butyl-2,3-dimethylimidazolium hexafluorophosphate	227617-70-1	https://iolitec.de/index.php/products/ionic_liquids/catalogue/imidazolium-based/il-0057-hp
CCCCn1cc[n+](C)c1C.[I-]	CCCCn1cc[n+](C)c1C	[I-]	1-Butyl-2,3-dimethylimidazolium iodide	108203-70-9	https://iolitec.de/index.php/products/ionic_liquids/catalogue/imidazolium-based/il-0137-hp
CCCCn1cc[n+](C)c1C.F[B-](F)(F)F	CCCCn1cc[n+](C)c1C	F[B-](F)(F)F	1-Butyl-2,3-dimethylimidazolium tetrafluoroborate	402846-78-0	https://iolitec.de/index.php/products/ionic_liquids/catalogue/imidazolium-based/il-0058-hp
CCCCn1cc[n+](C)c1C.O=S(=O)([O-])C(F)(F)F	CCCCn1cc[n+](C)c1C	O=S(=O)([O-])C(F)(F)F	1-Butyl-2,3-dimethylimidazolium triflate	765910-73-4	https://iolitec.de/index.php/products/ionic_liquids/catalogue/imidazolium-based/il-0059-hp
CCCC[n+]1ccccc1C.O=S(=O)([N-]S(=O)(=O)C(F)(F)F)C(F)(F)F	CCCC[n+]1ccccc1C	O=S(=O)([N-]S(=O)(=O)C(F)(F)F)C(F)(F)F	1-Butyl-2-methylpyridinium bis(trifluoromethylsulfonyl)imide	384347-09-5	https://iolitec.de/index.php/products/ionic_liquids/catalogue/pyridinium-based/il-0228-hp
CCCC[n+]1ccccc1C.[Br-]	CCCC[n+]1ccccc1C	[Br-]	1-Butyl-2-methylpyridinium bromide	26576-84-1	https://iolitec.de/index.php/products/ionic_liquids/catalogue/pyridinium-based/il-0128-hp
CCCC[n+]1ccccc1C.[Cl-]	CCCC[n+]1ccccc1C	[Cl-]	1-Butyl-2-methylpyridinium chloride	112400-85-8	https://iolitec.de/index.php/products/ionic_liquids/catalogue/pyridinium-based/il-0129-hp
CCCC[n+]1ccccc1C.F[P-](F)(F)(F)(F)F	CCCC[n+]1ccccc1C	F[P-](F)(F)(F)(F)F	1-Butyl-2-methylpyridinium hexafluorophosphate	1268986-44-2	https://iolitec.de/index.php/products/ionic_liquids/catalogue/pyridinium-based/il-0127-hp
CCCC[n+]1ccccc1C.[I-]	CCCC[n+]1ccccc1C	[I-]	1-Butyl-2-methylpyridinium iodide	13311-31-4	https://iolitec.de/index.php/products/ionic_liquids/catalogue/pyridinium-based/il-0183-hp
CCCC[n+]1ccccc1C.F[B-](F)(F)F	CCCC[n+]1ccccc1C	F[B-](F)(F)F	1-Butyl-2-methylpyridinium tetrafluoroborate	286453-46-1	https://iolitec.de/index.php/products/ionic_liquids/catalogue/pyridinium-based/il-0111-hp
CCCC[n+]1ccccc1C.O=S(=O)([O-])C(F)(F)F	CCCC[n+]1ccccc1C	O=S(=O)([O-])C(F)(F)F	1-Butyl-2-methylpyridinium triflate	1770850-20-8	https://iolitec.de/index.php/products/ionic_liquids/catalogue/pyridinium-based/il-0178-hp
CCCC[n+]1ccn(CC)c1.O=S(=O)([O-])C(F)(F)C(F)F	CCCC[n+]1ccn(CC)c1	O=S(=O)([O-])C(F)(F)C(F)F	1-Butyl-3-ethylimidazolium 1,1,2,2-tetrafluoroethanesulfonate	3032953-07-1	https://iolitec.de/index.php/products/ionic_liquids/catalogue/imidazolium-based/il-0255-sg
CCCC[n+]1ccn(CC)c1.O=S(=O)([N-]S(=O)(=O)C(F)(F)F)C(F)(F)F	CCCC[n+]1ccn(CC)c1	O=S(=O)([N-]S(=O)(=O)C(F)(F)F)C(F)(F)F	1-Butyl-3-ethylimidazolium bis(trifluoromethylsulfonyl)imide	174899-89-9	https://iolitec.de/index.php/products/ionic_liquids/catalogue/imidazolium-based/il-0289-hp
CCCC[n+]1ccn(CC)c1.[Br-]	CCCC[n+]1ccn(CC)c1	[Br-]	1-Butyl-3-ethylimidazolium bromide	174899-64-0	https://iolitec.de/index.php/products/ionic_liquids/catalogue/imidazolium-based/il-0286-hp
CCCC[n+]1ccn(CC)c1.F[P-](F)(F)(F)(F)F	CCCC[n+]1ccn(CC)c1	F[P-](F)(F)(F)(F)F	1-Butyl-3-ethylimidazolium hexafluorophosphate	256647-89-9	https://iolitec.de/index.php/products/ionic_liquids/catalogue/imidazolium-based/il-0288-hp
CCCC[n+]1ccn(CC)c1.F[B-](F)(F)F	CCCC[n+]1ccn(CC)c1	F[B-](F)(F)F	1-Butyl-3-ethylimidazolium tetrafluoroborate	581101-91-9	https://iolitec.de/index.php/products/ionic_liquids/catalogue/imidazolium-based/il-0287-hp
CCCCn1cc[n+](C)c1.O=S(=O)([O-])C(F)(F)C(F)F	CCCCn1cc[n+](C)c1	O=S(=O)([O-])C(F)(F)C(F)F	1-Butyl-3-methylimidazolium  1,1,2,2-tetrafluoroethanesulfonate	880084-62-8	https://iolitec.de/index.php/products/ionic_liquids/catalogue/imidazolium-based/il-0234-hp
CC(=O)[O-].CCCCn1cc[n+](C)c1	CCCCn1cc[n+](C)c1	CC(=O)[O-]	1-Butyl-3-methylimidazolium acetate	284049-75-8	https://iolitec.de/index.php/products/ionic_liquids/catalogue/imidazolium-based/il-0315-tg
CC(=O)[O-].CCCCn1cc[n+](C)c1	CCCCn1cc[n+](C)c1	CC(=O)[O-]	1-Butyl-3-methylimidazolium acetate	284049-75-8	https://iolitec.de/index.php/products/ionic_liquids/catalogue/imidazolium-based/il-0315-hp
CCCCn1cc[n+](C)c1.O=S(=O)(F)[N-]S(=O)(=O)F	CCCCn1cc[n+](C)c1	O=S(=O)(F)[N-]S(=O)(=O)F	1-Butyl-3-methylimidazolium bis(fluorosulfonyl)imide	1235234-58-8	https://iolitec.de/index.php/products/ionic_liquids/catalogue/imidazolium-based/il-0345-hp
CCCCn1cc[n+](C)c1.O=S(=O)([N-]S(=O)(=O)C(F)(F)C(F)(F)F)C(F)(F)C(F)(F)F	CCCCn1cc[n+](C)c1	O=S(=O)([N-]S(=O)(=O)C(F)(F)C(F)(F)F)C(F)(F)C(F)(F)F	1-Butyl-3-methylimidazolium bis(pentafluoroethylsulfonyl)imide	254731-29-8	https://iolitec.de/index.php/products/ionic_liquids/catalogue/imidazolium-based/il-0321-hp
CCCCn1cc[n+](C)c1.O=S(=O)([N-]S(=O)(=O)C(F)(F)F)C(F)(F)F	CCCCn1cc[n+](C)c1	O=S(=O)([N-]S(=O)(=O)C(F)(F)F)C(F)(F)F	1-Butyl-3-methylimidazolium bis(trifluoromethylsulfonyl)imide, 99.5%	174899-83-3	https://iolitec.de/index.php/products/ionic_liquids/catalogue/imidazolium-based/il-0029
CCCCn1cc[n+](C)c1.O=S(=O)([N-]S(=O)(=O)C(F)(F)F)C(F)(F)F	CCCCn1cc[n+](C)c1	O=S(=O)([N-]S(=O)(=O)C(F)(F)F)C(F)(F)F	1-Butyl-3-methylimidazolium bis(trifluoromethylsulfonyl)imide, 99.5% - OP	174899-83-3	https://iolitec.de/index.php/products/ionic_liquids/catalogue/imidazolium-based/il-0029-op
CCCCn1cc[n+](C)c1.[Br-]	CCCCn1cc[n+](C)c1	[Br-]	1-Butyl-3-methylimidazolium bromide	85100-77-2	https://iolitec.de/index.php/products/ionic_liquids/catalogue/imidazolium-based/il-0037-hp
CCCCn1cc[n+](C)c1.[Al+3].[Cl-].[Cl-].[Cl-].[Cl-]	[Al+3]	[Cl-]	1-Butyl-3-methylimidazolium chloride and Aluminum chloride (1:1.5)	80432-09-3	https://iolitec.de/index.php/products/ionic_liquids/catalogue/ready-use-electrolytes/ep-0002-hp
CCCCn1cc[n+](C)c1.[Al+3].[Cl-].[Cl-].[Cl-].[Cl-]	[Al+3]	[Cl-]	1-Butyl-3-methylimidazolium chloride and Aluminum chloride (1:2)	80432-09-3	https://iolitec.de/index.php/products/ionic_liquids/catalogue/ready-use-electrolytes/ep-0008-hp
CCCCn1cc[n+](C)c1.[Cl-]	CCCCn1cc[n+](C)c1	[Cl-]	1-Butyl-3-methylimidazolium chloride	79917-90-1	https://iolitec.de/index.php/products/ionic_liquids/catalogue/imidazolium-based/il-0014-hp
CCCCOP(=O)([O-])OCCCC.CCCCn1cc[n+](C)c1	CCCCn1cc[n+](C)c1	CCCCOP(=O)([O-])OCCCC	1-Butyl-3-methylimidazolium dibutylphosphate	663199-28-8	https://iolitec.de/index.php/products/ionic_liquids/catalogue/imidazolium-based/il-0324-hp
CCCCn1cc[n+](C)c1.N#CN=C=[N-]	CCCCn1cc[n+](C)c1	N#CN=C=[N-]	1-Butyl-3-methylimidazolium dicyanamide	448245-52-1	https://iolitec.de/index.php/products/ionic_liquids/catalogue/imidazolium-based/il-0010-hp
CCCCn1cc[n+](C)c1.COP(=O)([O-])OC	CCCCn1cc[n+](C)c1	COP(=O)([O-])OC	1-Butyl-3-methylimidazolium dimethyl phosphate	891772-94-4	https://iolitec.de/index.php/products/ionic_liquids/catalogue/imidazolium-based/il-0257-hp
CCCCn1cc[n+](C)c1.F[P-](F)(F)(F)(F)F	CCCCn1cc[n+](C)c1	F[P-](F)(F)(F)(F)F	1-Butyl-3-methylimidazolium hexafluorophosphate	174501-64-5	https://iolitec.de/index.php/products/ionic_liquids/catalogue/imidazolium-based/il-0011-hp
CCCCn1cc[n+](C)c1.F[P-](F)(F)(F)(F)F	CCCCn1cc[n+](C)c1	F[P-](F)(F)(F)(F)F	1-Butyl-3-methylimidazolium hexafluorophosphate, 99.5%	174501-64-5	https://iolitec.de/index.php/products/ionic_liquids/catalogue/imidazolium-based/il-0011
CCCCn1cc[n+](C)c1.O=S(=O)([O-])O	CCCCn1cc[n+](C)c1	O=S(=O)([O-])O	1-Butyl-3-methylimidazolium hydrogensulfate	262297-13-2	https://iolitec.de/index.php/products/ionic_liquids/catalogue/imidazolium-based/il-0060-hp
CCCCn1cc[n+](C)c1.[I-]	CCCCn1cc[n+](C)c1	[I-]	1-Butyl-3-methylimidazolium iodide	65039-05-6	https://iolitec.de/index.php/products/ionic_liquids/catalogue/imidazolium-based/il-0051-hp
CCCCn1cc[n+](C)c1.[I-]	CCCCn1cc[n+](C)c1	[I-]	1-Butyl-3-methylimidazolium iodide	65039-05-6	https://iolitec.de/index.php/products/ionic_liquids/catalogue/ready-use-electrolytes/iolilyte-pve-3000
CCCCn1cc[n+](C)c1.CS(=O)(=O)[O-]	CCCCn1cc[n+](C)c1	CS(=O)(=O)[O-]	1-Butyl-3-methylimidazolium methanesulfonate	342789-81-5	https://iolitec.de/index.php/products/ionic_liquids/catalogue/imidazolium-based/il-0061-hp
CCCCn1cc[n+](C)c1.COS(=O)(=O)[O-]	CCCCn1cc[n+](C)c1	COS(=O)(=O)[O-]	1-Butyl-3-methylimidazolium methyl sulfate	401788-98-5	https://iolitec.de/index.php/products/ionic_liquids/catalogue/imidazolium-based/il-0195-hp
CCCCn1cc[n+](C)c1.COC(=O)[O-]	CCCCn1cc[n+](C)c1	COC(=O)[O-]	1-Butyl-3-methylimidazolium methylcarbonate in MeOH	916850-37-8	https://iolitec.de/index.php/products/ionic_liquids/catalogue/imidazolium-based/0028-sg
CCCCn1cc[n+](C)c1.O=[N+]([O-])[O-]	CCCCn1cc[n+](C)c1	O=[N+]([O-])[O-]	1-Butyl-3-methylimidazolium nitrate	179075-88-8	https://iolitec.de/index.php/products/ionic_liquids/catalogue/imidazolium-based/il-0201-hp
CCCCn1cc[n+](C)c1.[Cl-].[Cl-].[Cl-].[Cl-].[Fe+3]	[Fe+3]	[Cl-]	1-Butyl-3-methylimidazolium tetrachloroferrate(III)	359845-21-9	https://iolitec.de/index.php/products/ionic_liquids/catalogue/imidazolium-based/il-0047-sg
CCCCn1cc[n+](C)c1.F[B-](F)(F)F	CCCCn1cc[n+](C)c1	F[B-](F)(F)F	1-Butyl-3-methylimidazolium tetrafluoroborate	174501-65-6	https://iolitec.de/index.php/products/ionic_liquids/catalogue/imidazolium-based/il-0012-hp
CCCCn1cc[n+](C)c1.N#C[S-]	CCCCn1cc[n+](C)c1	N#C[S-]	1-Butyl-3-methylimidazolium thiocyanate	344790-87-0	https://iolitec.de/index.php/products/ionic_liquids/catalogue/imidazolium-based/il-0063-hp
CCCCn1cc[n+](C)c1.Cc1ccc(S(=O)(=O)[O-])cc1	CCCCn1cc[n+](C)c1	Cc1ccc(S(=O)(=O)[O-])cc1	1-Butyl-3-methylimidazolium tosylate	410522-18-8	https://iolitec.de/index.php/products/ionic_liquids/catalogue/imidazolium-based/il-0028-hp
CCCCn1cc[n+](C)c1.N#CC(=C=[N-])C#N	CCCCn1cc[n+](C)c1	N#CC(=C=[N-])C#N	1-Butyl-3-methylimidazolium tricyanomethanide	878027-73-7	https://iolitec.de/index.php/products/ionic_liquids/catalogue/imidazolium-based/il-0317-hp
CCCCn1cc[n+](C)c1.O=S(=O)([O-])C(F)(F)F	CCCCn1cc[n+](C)c1	O=S(=O)([O-])C(F)(F)F	1-Butyl-3-methylimidazolium triflate	174899-66-2	https://iolitec.de/index.php/products/ionic_liquids/catalogue/imidazolium-based/il-0013-hp
CCCCn1cc[n+](C)c1.O=C([O-])C(F)(F)F	CCCCn1cc[n+](C)c1	O=C([O-])C(F)(F)F	1-Butyl-3-methylimidazolium trifluoroacetate	174899-94-6	https://iolitec.de/index.php/products/ionic_liquids/catalogue/imidazolium-based/il-0260-sg
CCCC[n+]1cccc(C)c1.O=S(=O)([N-]S(=O)(=O)C(F)(F)F)C(F)(F)F	CCCC[n+]1cccc(C)c1	O=S(=O)([N-]S(=O)(=O)C(F)(F)F)C(F)(F)F	1-Butyl-3-methylpyridinium bis(trifluoromethylsulfonyl)imide	344790-86-9	https://iolitec.de/index.php/products/ionic_liquids/catalogue/pyridinium-based/il-0216-hp
CCCC[n+]1cccc(C)c1.[Br-]	CCCC[n+]1cccc(C)c1	[Br-]	1-Butyl-3-methylpyridinium bromide	26576-85-2	https://iolitec.de/index.php/products/ionic_liquids/catalogue/pyridinium-based/iolilyte-fbe-1000
CCCC[n+]1cccc(C)c1.[Br-]	CCCC[n+]1cccc(C)c1	[Br-]	1-Butyl-3-methylpyridinium bromide	26576-85-2	https://iolitec.de/index.php/products/ionic_liquids/catalogue/pyridinium-based/il-0078-hp
CCCC[n+]1cccc(C)c1.[Cl-]	CCCC[n+]1cccc(C)c1	[Cl-]	1-Butyl-3-methylpyridinium chloride	125652-55-3	https://iolitec.de/index.php/products/ionic_liquids/catalogue/pyridinium-based/il-0079-hp
CCCC[n+]1cccc(C)c1.F[P-](F)(F)(F)(F)F	CCCC[n+]1cccc(C)c1	F[P-](F)(F)(F)(F)F	1-Butyl-3-methylpyridinium hexafluorophosphate	845835-03-2	https://iolitec.de/index.php/products/ionic_liquids/catalogue/pyridinium-based/il-0080-hp
CCCC[n+]1cccc(C)c1.[I-]	CCCC[n+]1cccc(C)c1	[I-]	1-Butyl-3-methylpyridinium iodide	258273-67-5	https://iolitec.de/index.php/products/ionic_liquids/catalogue/pyridinium-based/il-0184-hp
CCCC[n+]1cccc(C)c1.F[B-](F)(F)F	CCCC[n+]1cccc(C)c1	F[B-](F)(F)F	1-Butyl-3-methylpyridinium tetrafluoroborate	597581-48-1	https://iolitec.de/index.php/products/ionic_liquids/catalogue/pyridinium-based/il-0081-hp
CCCC[n+]1cccc(C)c1.O=S(=O)([O-])C(F)(F)F	CCCC[n+]1cccc(C)c1	O=S(=O)([O-])C(F)(F)F	1-Butyl-3-methylpyridinium triflate	857841-32-8	https://iolitec.de/index.php/products/ionic_liquids/catalogue/pyridinium-based/il-0179-hp
C=Cn1cc[n+](CCCC)c1.O=S(=O)([N-]S(=O)(=O)C(F)(F)F)C(F)(F)F	C=Cn1cc[n+](CCCC)c1	O=S(=O)([N-]S(=O)(=O)C(F)(F)F)C(F)(F)F	1-Butyl-3-vinylimidazolium bis(trifluoromethylsulfonyl)imide	758716-72-2	https://iolitec.de/index.php/products/ionic_liquids/catalogue/imidazolium-based/il-0293-hp
C=Cn1cc[n+](CCCC)c1.[Br-]	C=Cn1cc[n+](CCCC)c1	[Br-]	1-Butyl-3-vinylimidazolium bromide	34311-90-5	https://iolitec.de/index.php/products/ionic_liquids/catalogue/imidazolium-based/il-0292-hp
CCCC[n+]1ccc(C)cc1.O=S(=O)([N-]S(=O)(=O)C(F)(F)F)C(F)(F)F	CCCC[n+]1ccc(C)cc1	O=S(=O)([N-]S(=O)(=O)C(F)(F)F)C(F)(F)F	1-Butyl-4-methylpyridinium bis(trifluoromethylsulfonyl)imide	475681-62-0	https://iolitec.de/index.php/products/ionic_liquids/catalogue/pyridinium-based/il-0219-hp
CCCC[n+]1ccc(C)cc1.[Br-]	CCCC[n+]1ccc(C)cc1	[Br-]	1-Butyl-4-methylpyridinium bromide	65350-59-6	https://iolitec.de/index.php/products/ionic_liquids/catalogue/pyridinium-based/il-0082-hp
CCCC[n+]1ccc(C)cc1.[Cl-]	CCCC[n+]1ccc(C)cc1	[Cl-]	1-Butyl-4-methylpyridinium chloride	112400-86-9	https://iolitec.de/index.php/products/ionic_liquids/catalogue/pyridinium-based/il-0083-hp
CCCC[n+]1ccc(C)cc1.F[P-](F)(F)(F)(F)F	CCCC[n+]1ccc(C)cc1	F[P-](F)(F)(F)(F)F	1-Butyl-4-methylpyridinium hexafluorophosphate	401788-99-6	https://iolitec.de/index.php/products/ionic_liquids/catalogue/pyridinium-based/il-0084-hp
CCCC[n+]1ccc(C)cc1.[I-]	CCCC[n+]1ccc(C)cc1	[I-]	1-Butyl-4-methylpyridinium iodide	32353-64-3	https://iolitec.de/index.php/products/ionic_liquids/catalogue/pyridinium-based/il-0185-hp
CCCC[n+]1ccc(C)cc1.F[B-](F)(F)F	CCCC[n+]1ccc(C)cc1	F[B-](F)(F)F	1-Butyl-4-methylpyridinium tetrafluoroborate	34952-33-0	https://iolitec.de/index.php/products/ionic_liquids/catalogue/pyridinium-based/il-0085-hp
CCCC[n+]1ccc(C)cc1.N#CC(=C=[N-])C#N	CCCC[n+]1ccc(C)cc1	N#CC(=C=[N-])C#N	1-Butyl-4-methylpyridinium tricyanomethanide	1312925-66-8	https://iolitec.de/index.php/products/ionic_liquids/catalogue/pyridinium-based/il-0319-hp
CCCC[n+]1ccc(C)cc1.O=S(=O)([O-])C(F)(F)F	CCCC[n+]1ccc(C)cc1	O=S(=O)([O-])C(F)(F)F	1-Butyl-4-methylpyridinium triflate	882172-79-4	https://iolitec.de/index.php/products/ionic_liquids/catalogue/pyridinium-based/il-0180-hp
CCCC[n+]1ccccc1.O=S(=O)([N-]S(=O)(=O)C(F)(F)F)C(F)(F)F	CCCC[n+]1ccccc1	O=S(=O)([N-]S(=O)(=O)C(F)(F)F)C(F)(F)F	1-Butylpyridinium bis(trifluoromethylsulfonyl)imide	187863-42-9	https://iolitec.de/index.php/products/ionic_liquids/catalogue/pyridinium-based/il-0213-hp
CCCC[n+]1ccccc1.[Br-]	CCCC[n+]1ccccc1	[Br-]	1-Butylpyridinium bromide	874-80-6	https://iolitec.de/index.php/products/ionic_liquids/catalogue/pyridinium-based/il-0086-hp
CCCC[n+]1ccccc1.[Cl-]	CCCC[n+]1ccccc1	[Cl-]	1-Butylpyridinium chloride	1124-64-7	https://iolitec.de/index.php/products/ionic_liquids/catalogue/pyridinium-based/il-0087-hp
CCCC[n+]1ccccc1.F[P-](F)(F)(F)(F)F	CCCC[n+]1ccccc1	F[P-](F)(F)(F)(F)F	1-Butylpyridinium hexafluorophosphate	186088-50-6	https://iolitec.de/index.php/products/ionic_liquids/catalogue/pyridinium-based/il-0088-hp
CCCC[n+]1ccccc1.[I-]	CCCC[n+]1ccccc1	[I-]	1-Butylpyridinium iodide	874-81-7	https://iolitec.de/index.php/products/ionic_liquids/catalogue/pyridinium-based/il-0176-hp
CCCC[n+]1ccccc1.F[B-](F)(F)F	CCCC[n+]1ccccc1	F[B-](F)(F)F	1-Butylpyridinium tetrafluoroborate	203389-28-0	https://iolitec.de/index.php/products/ionic_liquids/catalogue/pyridinium-based/il-0089-hp
CCCC[n+]1ccccc1.O=S(=O)([O-])C(F)(F)F	CCCC[n+]1ccccc1	O=S(=O)([O-])C(F)(F)F	1-Butylpyridinium triflate	390423-43-5	https://iolitec.de/index.php/products/ionic_liquids/catalogue/pyridinium-based/il-0182-hp
CCCCCCCCCCn1cc[n+](C)c1.[Br-]	CCCCCCCCCCn1cc[n+](C)c1	[Br-]	1-Decyl-3-methylimidazolium bromide	188589-32-4	https://iolitec.de/index.php/products/ionic_liquids/catalogue/imidazolium-based/IL-0064-HP
CCCCCCCCCCn1cc[n+](C)c1.[Cl-]	CCCCCCCCCCn1cc[n+](C)c1	[Cl-]	1-Decyl-3-methylimidazolium chloride	171058-18-7	https://iolitec.de/index.php/products/ionic_liquids/catalogue/imidazolium-based/il-0065-hp
CCCCCCCCCCn1cc[n+](C)c1.F[P-](F)(F)(F)(F)F	CCCCCCCCCCn1cc[n+](C)c1	F[P-](F)(F)(F)(F)F	1-Decyl-3-methylimidazolium hexafluorophosphate	362043-46-7	https://iolitec.de/index.php/products/ionic_liquids/catalogue/imidazolium-based/il-0066-hp
CCCCCCCCCCn1cc[n+](C)c1.F[B-](F)(F)F	CCCCCCCCCCn1cc[n+](C)c1	F[B-](F)(F)F	1-Decyl-3-methylimidazolium tetrafluoroborate	244193-56-4	https://iolitec.de/index.php/products/ionic_liquids/catalogue/imidazolium-based/il-0067-hp
CCCCCCCCCCn1cc[n+](C)c1.O=S(=O)([O-])C(F)(F)F	CCCCCCCCCCn1cc[n+](C)c1	O=S(=O)([O-])C(F)(F)F	1-Decyl-3-methylimidazolium triflate	412009-62-2	https://iolitec.de/index.php/products/ionic_liquids/catalogue/imidazolium-based/il-0068-hp
CCCCCCCCCCCCn1cc[n+](C)c1.O=S(=O)([N-]S(=O)(=O)C(F)(F)F)C(F)(F)F	CCCCCCCCCCCCn1cc[n+](C)c1	O=S(=O)([N-]S(=O)(=O)C(F)(F)F)C(F)(F)F	1-Dodecyl-3-methylimidazolium bis(trifluoromethylsulfonyl)imide	404001-48-5	https://iolitec.de/index.php/products/ionic_liquids/catalogue/imidazolium-based/il-0101-hp
CCCCCCCCCCCCn1cc[n+](C)c1.[Br-]	CCCCCCCCCCCCn1cc[n+](C)c1	[Br-]	1-Dodecyl-3-methylimidazolium bromide	61546-00-7	https://iolitec.de/index.php/products/ionic_liquids/catalogue/imidazolium-based/il-0119-hp
CCCCCCCCCCCCn1cc[n+](C)c1.[Cl-]	CCCCCCCCCCCCn1cc[n+](C)c1	[Cl-]	1-Dodecyl-3-methylimidazolium chloride	114569-84-5	https://iolitec.de/index.php/products/ionic_liquids/catalogue/imidazolium-based/il-0120-hp
CCCCCCCCCCCCn1cc[n+](C)c1.F[P-](F)(F)(F)(F)F	CCCCCCCCCCCCn1cc[n+](C)c1	F[P-](F)(F)(F)(F)F	1-Dodecyl-3-methylimidazolium hexafluorophosphate	219947-93-0	https://iolitec.de/index.php/products/ionic_liquids/catalogue/imidazolium-based/il-0095-hp
CCCCCCCCCCCCn1cc[n+](C)c1.[I-]	CCCCCCCCCCCCn1cc[n+](C)c1	[I-]	1-Dodecyl-3-methylimidazolium iodide	81995-09-7	https://iolitec.de/index.php/products/ionic_liquids/catalogue/imidazolium-based/il-0136-hp
CCCCCCCCCCCCn1cc[n+](C)c1.F[B-](F)(F)F	CCCCCCCCCCCCn1cc[n+](C)c1	F[B-](F)(F)F	1-Dodecyl-3-methylimidazolium tetrafluoroborate	244193-59-7	https://iolitec.de/index.php/products/ionic_liquids/catalogue/imidazolium-based/il-0132-hp
CCCCCCCCCCCCn1cc[n+](C)c1.O=S(=O)([O-])C(F)(F)F	CCCCCCCCCCCCn1cc[n+](C)c1	O=S(=O)([O-])C(F)(F)F	1-Dodecyl-3-methylimidazolium triflate	404001-52-1	https://iolitec.de/index.php/products/ionic_liquids/catalogue/imidazolium-based/il-0133-hp
CC[N+]1(C)CCCC1.O=S(=O)([N-]S(=O)(=O)C(F)(F)F)C(F)(F)F	CC[N+]1(C)CCCC1	O=S(=O)([N-]S(=O)(=O)C(F)(F)F)C(F)(F)F	1-Ethyl-1-methylpyrrolidinium bis(trifluoromethylsulfonyl)imide	223436-99-5	https://iolitec.de/index.php/products/ionic_liquids/catalogue/pyrrolidinium-based/il-0167-hp
CC[N+]1(C)CCCC1.[Br-]	CC[N+]1(C)CCCC1	[Br-]	1-Ethyl-1-methylpyrrolidinium bromide	69227-51-6	https://iolitec.de/index.php/products/ionic_liquids/catalogue/pyrrolidinium-based/il-0163-hp
CC[N+]1(C)CCCC1.F[P-](F)(F)(F)(F)F	CC[N+]1(C)CCCC1	F[P-](F)(F)(F)(F)F	1-Ethyl-1-methylpyrrolidinium hexafluorophosphate	121057-90-7	https://iolitec.de/index.php/products/ionic_liquids/catalogue/pyrrolidinium-based/il-0166-hp
CC[N+]1(C)CCCC1.[I-]	CC[N+]1(C)CCCC1	[I-]	1-Ethyl-1-methylpyrrolidinium iodide	4186-68-9	https://iolitec.de/index.php/products/ionic_liquids/catalogue/pyrrolidinium-based/il-0164-hp
CC[N+]1(C)CCCC1.F[B-](F)(F)F	CC[N+]1(C)CCCC1	F[B-](F)(F)F	1-Ethyl-1-methylpyrrolidinium tetrafluoroborate	117947-85-0	https://iolitec.de/index.php/products/ionic_liquids/catalogue/pyrrolidinium-based/il-0165-hp
CC[N+]1(C)CCCC1.F[B-](F)(F)F	CC[N+]1(C)CCCC1	F[B-](F)(F)F	1-Ethyl-1-methylpyrrolidinium tetrafluoroborate	117947-85-0	https://iolitec.de/index.php/products/ionic_liquids/catalogue/pyrrolidinium-based/il-0165
CC[N+]1(C)CCCC1.O=S(=O)([O-])C(F)(F)F	CC[N+]1(C)CCCC1	O=S(=O)([O-])C(F)(F)F	1-Ethyl-1-methylpyrrolidinium triflate	8893443-18-0	https://iolitec.de/index.php/products/ionic_liquids/catalogue/pyrrolidinium-based/il-0168-hp
CCn1cc[n+](C)c1C.O=S(=O)([N-]S(=O)(=O)C(F)(F)F)C(F)(F)F	CCn1cc[n+](C)c1C	O=S(=O)([N-]S(=O)(=O)C(F)(F)F)C(F)(F)F	1-Ethyl-2,3-dimethylimidazolium bis(trifluoromethylsulfonyl)imide	174899-90-2	https://iolitec.de/index.php/products/ionic_liquids/catalogue/imidazolium-based/il-0106-hp
CCn1cc[n+](C)c1C.[Br-]	CCn1cc[n+](C)c1C	[Br-]	1-Ethyl-2,3-dimethylimidazolium bromide	98892-76-3	https://iolitec.de/index.php/products/ionic_liquids/catalogue/imidazolium-based/il-0135-hp
CCOS(=O)(=O)[O-].CCn1cc[n+](C)c1C	CCn1cc[n+](C)c1C	CCOS(=O)(=O)[O-]	1-Ethyl-2,3-dimethylimidazolium ethyl sulfate >98%	516474-08-1	https://iolitec.de/index.php/products/ionic_liquids/catalogue/imidazolium-based/il-0207-hp
CCn1cc[n+](C)c1C.F[P-](F)(F)(F)(F)F	CCn1cc[n+](C)c1C	F[P-](F)(F)(F)(F)F	1-Ethyl-2,3-dimethylimidazolium hexafluorophosphate	292140-86-4	https://iolitec.de/index.php/products/ionic_liquids/catalogue/imidazolium-based/il-0139-hp
CCn1cc[n+](C)c1C.F[B-](F)(F)F	CCn1cc[n+](C)c1C	F[B-](F)(F)F	1-Ethyl-2,3-dimethylimidazolium tetrafluoroborate	307492-75-7	https://iolitec.de/index.php/products/ionic_liquids/catalogue/imidazolium-based/il-0001-hp
CCn1cc[n+](C)c1C.O=S(=O)([O-])C(F)(F)F	CCn1cc[n+](C)c1C	O=S(=O)([O-])C(F)(F)F	1-Ethyl-2,3-dimethylimidazolium triflate	174899-72-0	https://iolitec.de/index.php/products/ionic_liquids/catalogue/imidazolium-based/il-0002-hp
CC[n+]1ccccc1C.[Br-]	CC[n+]1ccccc1C	[Br-]	1-Ethyl-2-methylpyridinium  bromide	32353-50-7	https://iolitec.de/index.php/products/ionic_liquids/catalogue/pyridinium-based/il-0225-hp
CC[n+]1ccccc1C.O=S(=O)([N-]S(=O)(=O)C(F)(F)F)C(F)(F)F	CC[n+]1ccccc1C	O=S(=O)([N-]S(=O)(=O)C(F)(F)F)C(F)(F)F	1-Ethyl-2-methylpyridinium bis(trifluoromethylsulfonyl)imide	712354-99-9	https://iolitec.de/index.php/products/ionic_liquids/catalogue/pyridinium-based/il-0247-hp
CCCCOP(=O)([O-])OCCCC.CCn1cc[n+](C)c1	CCn1cc[n+](C)c1	CCCCOP(=O)([O-])OCCCC	1-Ethyl-3-methylimidazolium   dibutylphosphate	869858-84-4	https://iolitec.de/index.php/products/ionic_liquids/catalogue/imidazolium-based/il-0323-hp
CCn1cc[n+](C)c1.O=S(=O)([O-])C(F)(F)C(F)F	CCn1cc[n+](C)c1	O=S(=O)([O-])C(F)(F)C(F)F	1-Ethyl-3-methylimidazolium 1,1,2,2-tetrafluoroethanesulfonate	880084-63-9	https://iolitec.de/index.php/products/ionic_liquids/catalogue/imidazolium-based/il-0232-sg
CC(=O)[O-].CCn1cc[n+](C)c1	CCn1cc[n+](C)c1	CC(=O)[O-]	1-Ethyl-3-methylimidazolium acetate	143314-17-4	https://iolitec.de/index.php/products/ionic_liquids/catalogue/imidazolium-based/il-0189-tg
CC(=O)[O-].CCn1cc[n+](C)c1	CCn1cc[n+](C)c1	CC(=O)[O-]	1-Ethyl-3-methylimidazolium acetate	143314-17-4	https://iolitec.de/index.php/products/ionic_liquids/catalogue/imidazolium-based/il-0189-hp
CCn1cc[n+](C)c1.O=S(=O)(F)[N-]S(=O)(=O)F	CCn1cc[n+](C)c1	O=S(=O)(F)[N-]S(=O)(=O)F	1-Ethyl-3-methylimidazolium bis(fluorosulfonyl)imide	235789-75-0	https://iolitec.de/index.php/products/ionic_liquids/catalogue/imidazolium-based/il-0342-hp
CCn1cc[n+](C)c1.O=S(=O)([N-]S(=O)(=O)C(F)(F)C(F)(F)F)C(F)(F)C(F)(F)F	CCn1cc[n+](C)c1	O=S(=O)([N-]S(=O)(=O)C(F)(F)C(F)(F)F)C(F)(F)C(F)(F)F	1-Ethyl-3-methylimidazolium bis(pentafluoroethylsulfonyl)imide	216299-76-2	https://iolitec.de/index.php/products/ionic_liquids/catalogue/imidazolium-based/il-0320-hp
CCn1cc[n+](C)c1.O=S(=O)([N-]S(=O)(=O)C(F)(F)F)C(F)(F)F	CCn1cc[n+](C)c1	O=S(=O)([N-]S(=O)(=O)C(F)(F)F)C(F)(F)F	1-Ethyl-3-methylimidazolium bis(trifluoromethylsulfonyl)imide, 99.5%	174899-82-2	https://iolitec.de/index.php/products/ionic_liquids/catalogue/ready-use-electrolytes/iolilyte-fce-5000
CCn1cc[n+](C)c1.O=S(=O)([N-]S(=O)(=O)C(F)(F)F)C(F)(F)F	CCn1cc[n+](C)c1	O=S(=O)([N-]S(=O)(=O)C(F)(F)F)C(F)(F)F	1-Ethyl-3-methylimidazolium bis(trifluoromethylsulfonyl)imide, 99.5%	174899-82-2	https://iolitec.de/index.php/products/ionic_liquids/catalogue/imidazolium-based/il-0023
CCn1cc[n+](C)c1.O=S(=O)([N-]S(=O)(=O)C(F)(F)F)C(F)(F)F	CCn1cc[n+](C)c1	O=S(=O)([N-]S(=O)(=O)C(F)(F)F)C(F)(F)F	1-Ethyl-3-methylimidazolium bis(trifluoromethylsulfonyl)imide, 99.5% - OP	174899-82-2	https://iolitec.de/index.php/products/ionic_liquids/catalogue/imidazolium-based/il-0023-op
CCn1cc[n+](C)c1.[Br-]	CCn1cc[n+](C)c1	[Br-]	1-Ethyl-3-methylimidazolium bromide	65039-08-9	https://iolitec.de/index.php/products/ionic_liquids/catalogue/imidazolium-based/il-0015-hp
CCn1cc[n+](C)c1.[Al+3].[Cl-].[Cl-].[Cl-].[Cl-]	[Al+3]	[Cl-]	1-Ethyl-3-methylimidazolium chloride and Aluminum chloride (1:2)	80432-05-9	https://iolitec.de/index.php/products/ionic_liquids/catalogue/ready-use-electrolytes/ep-0007-hp
CCn1cc[n+](C)c1.[Cl-]	CCn1cc[n+](C)c1	[Cl-]	1-Ethyl-3-methylimidazolium chloride, melt	65039-09-0	https://iolitec.de/index.php/products/ionic_liquids/catalogue/imidazolium-based/il-0093-tg
CCn1cc[n+](C)c1.[Cl-]	CCn1cc[n+](C)c1	[Cl-]	1-Ethyl-3-methylimidazolium chloride	65039-09-0	https://iolitec.de/index.php/products/ionic_liquids/catalogue/imidazolium-based/il-0093-hp
CCn1cc[n+](C)c1.[Cl-]	CCn1cc[n+](C)c1	[Cl-]	1-Ethyl-3-methylimidazolium chloride	65039-09-0	https://iolitec.de/index.php/products/ionic_liquids/catalogue/imidazolium-based/il-0093
CCn1cc[n+](C)c1.N#CN=C=[N-]	CCn1cc[n+](C)c1	N#CN=C=[N-]	1-Ethyl-3-methylimidazolium dicyanamide	370865-89-7	https://iolitec.de/index.php/products/ionic_liquids/catalogue/imidazolium-based/iolilyte-zbe-1000
CCn1cc[n+](C)c1.N#CN=C=[N-]	CCn1cc[n+](C)c1	N#CN=C=[N-]	1-Ethyl-3-methylimidazolium dicyanamide	370865-89-7	https://iolitec.de/index.php/products/ionic_liquids/catalogue/imidazolium-based/il-0003-hp
CCOP(=O)([O-])OCC.CCn1cc[n+](C)c1	CCn1cc[n+](C)c1	CCOP(=O)([O-])OCC	1-Ethyl-3-methylimidazolium diethyl phosphate	848641-69-0	https://iolitec.de/index.php/products/ionic_liquids/catalogue/imidazolium-based/il-0052-hp
CCn1cc[n+](C)c1.COP(=O)([O-])OC	CCn1cc[n+](C)c1	COP(=O)([O-])OC	1-Ethyl-3-methylimidazolium dimethyl phosphate	945611-27-8	https://iolitec.de/index.php/products/ionic_liquids/catalogue/imidazolium-based/il-0220-hp
CCOS(=O)(=O)[O-].CCn1cc[n+](C)c1	CCn1cc[n+](C)c1	CCOS(=O)(=O)[O-]	1-Ethyl-3-methylimidazolium ethyl sulfate	342573-75-5	https://iolitec.de/index.php/products/ionic_liquids/catalogue/imidazolium-based/il-0033-hp
CCn1cc[n+](C)c1.F[P-](F)(F)(F)(F)F	CCn1cc[n+](C)c1	F[P-](F)(F)(F)(F)F	1-Ethyl-3-methylimidazolium hexafluorophosphate	155371-19-0	https://iolitec.de/index.php/products/ionic_liquids/catalogue/imidazolium-based/il-0122-hp
CCn1cc[n+](C)c1.O=S(=O)([O-])O	CCn1cc[n+](C)c1	O=S(=O)([O-])O	1-Ethyl-3-methylimidazolium hydrogensulfate	412009-61-1	https://iolitec.de/index.php/products/ionic_liquids/catalogue/imidazolium-based/il-0091-hp
CCn1cc[n+](C)c1.[I-]	CCn1cc[n+](C)c1	[I-]	1-Ethyl-3-methylimidazolium iodide	35935-34-3	https://iolitec.de/index.php/products/ionic_liquids/catalogue/imidazolium-based/il-0048-hp
CCn1cc[n+](C)c1.CS(=O)(=O)[O-]	CCn1cc[n+](C)c1	CS(=O)(=O)[O-]	1-Ethyl-3-methylimidazolium methanesulfonate	145022-45-3	https://iolitec.de/index.php/products/ionic_liquids/catalogue/imidazolium-based/il-0004-hp
CCn1cc[n+](C)c1.COC(=O)[O-]	CCn1cc[n+](C)c1	COC(=O)[O-]	1-Ethyl-3-methylimidazolium methylcarbonate in MeOH	251102-25-7	https://iolitec.de/index.php/products/ionic_liquids/catalogue/imidazolium-based/0027-sg
CCn1cc[n+](C)c1.COS(=O)(=O)[O-]	CCn1cc[n+](C)c1	COS(=O)(=O)[O-]	1-Ethyl-3-methylimidazolium methylsulfate	516474-01-4	https://iolitec.de/index.php/products/ionic_liquids/catalogue/imidazolium-based/il-0112-hp
CCn1cc[n+](C)c1.O=[N+]([O-])[O-]	CCn1cc[n+](C)c1	O=[N+]([O-])[O-]	1-Ethyl-3-methylimidazolium nitrate	143314-14-1	https://iolitec.de/index.php/products/ionic_liquids/catalogue/imidazolium-based/il-0005-hp
CCCCCCCC(=O)[O-].CCn1cc[n+](C)c1	CCn1cc[n+](C)c1	CCCCCCCC(=O)[O-]	1-Ethyl-3-methylimidazolium octanoate	1154003-55-0	https://iolitec.de/index.php/products/ionic_liquids/catalogue/imidazolium-based/il-0357-hp
CCC(=O)[O-].CCn1cc[n+](C)c1	CCn1cc[n+](C)c1	CCC(=O)[O-]	1-Ethyl-3-methylimidazolium propionate	865627-64-1	https://iolitec.de/index.php/products/ionic_liquids/catalogue/imidazolium-based/il-0356-hp
CCn1cc[n+](C)c1.F[B-](F)(F)F	CCn1cc[n+](C)c1	F[B-](F)(F)F	1-Ethyl-3-methylimidazolium tetrafluoroborate	143314-16-3	https://iolitec.de/index.php/products/ionic_liquids/catalogue/ready-use-electrolytes/iolilyte-sce-1000
CCn1cc[n+](C)c1.F[B-](F)(F)F	CCn1cc[n+](C)c1	F[B-](F)(F)F	1-Ethyl-3-methylimidazolium tetrafluoroborate	143314-16-3	https://iolitec.de/index.php/products/ionic_liquids/catalogue/imidazolium-based/il-0006
CCn1cc[n+](C)c1.N#C[S-]	CCn1cc[n+](C)c1	N#C[S-]	1-Ethyl-3-methylimidazolium thiocyanate	331717-63-6	https://iolitec.de/index.php/products/ionic_liquids/catalogue/imidazolium-based/il-0007-hp
CCn1cc[n+](C)c1.Cc1ccc(S(=O)(=O)[O-])cc1	CCn1cc[n+](C)c1	Cc1ccc(S(=O)(=O)[O-])cc1	1-Ethyl-3-methylimidazolium tosylate	328090-25-1	https://iolitec.de/index.php/products/ionic_liquids/catalogue/imidazolium-based/il-0008-hp
CCn1cc[n+](C)c1.N#CC(=C=[N-])C#N	CCn1cc[n+](C)c1	N#CC(=C=[N-])C#N	1-Ethyl-3-methylimidazolium tricyanomethanide	666823-18-3	https://iolitec.de/index.php/products/ionic_liquids/catalogue/imidazolium-based/il-0316-hp
CCn1cc[n+](C)c1.O=S(=O)([O-])C(F)(F)F	CCn1cc[n+](C)c1	O=S(=O)([O-])C(F)(F)F	1-Ethyl-3-methylimidazolium triflate	145022-44-2	https://iolitec.de/index.php/products/ionic_liquids/catalogue/imidazolium-based/il-0009-hp
CCn1cc[n+](C)c1.O=C([O-])C(F)(F)F	CCn1cc[n+](C)c1	O=C([O-])C(F)(F)F	1-Ethyl-3-methylimidazolium trifluoroacetate	174899-65-1	https://iolitec.de/index.php/products/ionic_liquids/catalogue/imidazolium-based/il-0027-sg
CCn1cc[n+](C)c1.O=S(=O)([O-])C(F)(F)F	CCn1cc[n+](C)c1	O=S(=O)([O-])C(F)(F)F	1-Ethyl-3-methylimidazolium trifluoromethansulfonate	145022-44-2	https://iolitec.de/index.php/products/ionic_liquids/catalogue/imidazolium-based/iolilyte-zbe-2000
CC[n+]1cccc(C)c1.[Br-]	CC[n+]1cccc(C)c1	[Br-]	1-Ethyl-3-methylpyridinium bromide	54778-76-6	https://iolitec.de/index.php/products/ionic_liquids/catalogue/pyridinium-based/il-0226-hp
CC[n+]1cccc(C)c1.O=S(=O)([O-])C(F)(F)C(F)(F)C(F)(F)C(F)(F)F	CC[n+]1cccc(C)c1	O=S(=O)([O-])C(F)(F)C(F)(F)C(F)(F)C(F)(F)F	1-Ethyl-3-methylpyridinium perfluorobutanesulfonate	1015420-87-7	https://iolitec.de/index.php/products/ionic_liquids/catalogue/pyridinium-based/il-0313-hp
CCC[n+]1ccn(CC)c1.F[P-](F)(F)(F)(F)F	CCC[n+]1ccn(CC)c1	F[P-](F)(F)(F)(F)F	1-Ethyl-3-propylimidazolium  hexafluorophosphate	1770850-03-7	https://iolitec.de/index.php/products/ionic_liquids/catalogue/imidazolium-based/il-0284-hp
CCC[n+]1ccn(CC)c1.F[B-](F)(F)F	CCC[n+]1ccn(CC)c1	F[B-](F)(F)F	1-Ethyl-3-propylimidazolium  tetrafluoroborate	1434759-73-5	https://iolitec.de/index.php/products/ionic_liquids/catalogue/imidazolium-based/il-0283-hp
CCC[n+]1ccn(CC)c1.O=S(=O)([N-]S(=O)(=O)C(F)(F)F)C(F)(F)F	CCC[n+]1ccn(CC)c1	O=S(=O)([N-]S(=O)(=O)C(F)(F)F)C(F)(F)F	1-Ethyl-3-propylimidazolium bis(trifluoromethylsulfonyl)imide	347882-21-7	https://iolitec.de/index.php/products/ionic_liquids/catalogue/imidazolium-based/il-0285-hp
CCC[n+]1ccn(CC)c1.[Br-]	CCC[n+]1ccn(CC)c1	[Br-]	1-Ethyl-3-propylimidazolium bromide	637348-59-5	https://iolitec.de/index.php/products/ionic_liquids/catalogue/imidazolium-based/il-0282-hp
C=Cn1cc[n+](CC)c1.O=S(=O)([N-]S(=O)(=O)C(F)(F)F)C(F)(F)F	C=Cn1cc[n+](CC)c1	O=S(=O)([N-]S(=O)(=O)C(F)(F)F)C(F)(F)F	1-Ethyl-3-vinylimidazolium bis(trifluoromethylsulfonyl)imide	204854-22-8	https://iolitec.de/index.php/products/ionic_liquids/catalogue/imidazolium-based/il-0291-hp
C=Cn1cc[n+](CC)c1.[Br-]	C=Cn1cc[n+](CC)c1	[Br-]	1-Ethyl-3-vinylimidazolium bromide	34311-88-1	https://iolitec.de/index.php/products/ionic_liquids/catalogue/imidazolium-based/il-0290-hp
CC[n+]1ccc(C)cc1.O=S(=O)([N-]S(=O)(=O)C(F)(F)F)C(F)(F)F	CC[n+]1ccc(C)cc1	O=S(=O)([N-]S(=O)(=O)C(F)(F)F)C(F)(F)F	1-Ethyl-4-methylpyridinium bis(trifluoromethylsulfonyl)imide	712355-03-8	https://iolitec.de/index.php/products/ionic_liquids/catalogue/pyridinium-based/il-0217-hp
CC[n+]1ccc(C)cc1.[Br-]	CC[n+]1ccc(C)cc1	[Br-]	1-Ethyl-4-methylpyridinium bromide	32353-49-4	https://iolitec.de/index.php/products/ionic_liquids/catalogue/pyridinium-based/il-0227-hp
CC[NH+]1C=CN=C1.[Cl-]	CC[NH+]1C=CN=C1	[Cl-]	1-Ethylimidazolium  chloride	81505-35-3	https://iolitec.de/index.php/products/ionic_liquids/catalogue/imidazolium-based/il-0275-sg
CC[NH+]1C=CN=C1.O=S(=O)([N-]S(=O)(=O)C(F)(F)F)C(F)(F)F	CC[NH+]1C=CN=C1	O=S(=O)([N-]S(=O)(=O)C(F)(F)F)C(F)(F)F	1-Ethylimidazolium bis(trifluoromethylsulfonyl)imide	353239-10-8	https://iolitec.de/index.php/products/ionic_liquids/catalogue/imidazolium-based/il-0269-sg
CC[NH+]1C=CN=C1.[Br-]	CC[NH+]1C=CN=C1	[Br-]	1-Ethylimidazolium bromide	501693-36-3	https://iolitec.de/index.php/products/ionic_liquids/catalogue/imidazolium-based/il-0276-sg
CC[NH+]1C=CN=C1.O=[N+]([O-])[O-]	CC[NH+]1C=CN=C1	O=[N+]([O-])[O-]	1-Ethylimidazolium nitrate	501693-38-5	https://iolitec.de/index.php/products/ionic_liquids/catalogue/imidazolium-based/il-0272-sg
CC[n+]1ccccc1.O=S(=O)([N-]S(=O)(=O)C(F)(F)F)C(F)(F)F	CC[n+]1ccccc1	O=S(=O)([N-]S(=O)(=O)C(F)(F)F)C(F)(F)F	1-Ethylpyridinium bis(trifluoromethylsulfonyl)imide	712354-97-7	https://iolitec.de/index.php/products/ionic_liquids/catalogue/pyridinium-based/il-0211-hp
CC[n+]1ccccc1.F[P-](F)(F)(F)(F)F	CC[n+]1ccccc1	F[P-](F)(F)(F)(F)F	1-Ethylpyridinium hexafluorophosphate	103173-73-5	https://iolitec.de/index.php/products/ionic_liquids/catalogue/pyridinium-based/il-0172-hp
CC[n+]1ccccc1.[I-]	CC[n+]1ccccc1	[I-]	1-Ethylpyridinium iodide	872-90-2	https://iolitec.de/index.php/products/ionic_liquids/catalogue/pyridinium-based/il-0173-hp
CC[n+]1ccccc1.F[B-](F)(F)F	CC[n+]1ccccc1	F[B-](F)(F)F	1-Ethylpyridinium tetrafluoroborate	350-48-1	https://iolitec.de/index.php/products/ionic_liquids/catalogue/pyridinium-based/il-0107-hp
CC[n+]1ccccc1.O=S(=O)([O-])C(F)(F)F	CC[n+]1ccccc1	O=S(=O)([O-])C(F)(F)F	1-Ethylpyridinium triflate	3878-80-6	https://iolitec.de/index.php/products/ionic_liquids/catalogue/pyridinium-based/il-0186-hp
CCCCCCCn1cc[n+](C)c1.O=S(=O)([N-]S(=O)(=O)C(F)(F)F)C(F)(F)F	CCCCCCCn1cc[n+](C)c1	O=S(=O)([N-]S(=O)(=O)C(F)(F)F)C(F)(F)F	1-Heptyl-3-methylimidazolium bis(trifluoromethylsulfonyl)imide	425382-14-5	https://iolitec.de/index.php/products/ionic_liquids/catalogue/imidazolium-based/il-0301-hp
CCCCCCCn1cc[n+](C)c1.[Br-]	CCCCCCCn1cc[n+](C)c1	[Br-]	1-Heptyl-3-methylimidazolium bromide	343851-32-1	https://iolitec.de/index.php/products/ionic_liquids/catalogue/imidazolium-based/il-0298-hp
CCCCCCCn1cc[n+](C)c1.F[P-](F)(F)(F)(F)F	CCCCCCCn1cc[n+](C)c1	F[P-](F)(F)(F)(F)F	1-Heptyl-3-methylimidazolium hexafluorophosphate	357915-04-9	https://iolitec.de/index.php/products/ionic_liquids/catalogue/imidazolium-based/il-0307-hp
CCCCCCCn1cc[n+](C)c1.F[B-](F)(F)F	CCCCCCCn1cc[n+](C)c1	F[B-](F)(F)F	1-Heptyl-3-methylimidazolium tetrafluoroborate	244193-51-9	https://iolitec.de/index.php/products/ionic_liquids/catalogue/imidazolium-based/il-0304-hp
CCCCCCCCCCCCCCCCn1cc[n+](C)c1.O=S(=O)([N-]S(=O)(=O)C(F)(F)F)C(F)(F)F	CCCCCCCCCCCCCCCCn1cc[n+](C)c1	O=S(=O)([N-]S(=O)(=O)C(F)(F)F)C(F)(F)F	1-Hexadecyl-3-methylimidazolium bis(trifluoromethylsulfonyl)imide	404001-50-9	https://iolitec.de/index.php/products/ionic_liquids/catalogue/imidazolium-based/il-0103-hp
CCCCCCCCCCCCCCCCn1cc[n+](C)c1.[Cl-]	CCCCCCCCCCCCCCCCn1cc[n+](C)c1	[Cl-]	1-Hexadecyl-3-methylimidazolium chloride	61546-01-8	https://iolitec.de/index.php/products/ionic_liquids/catalogue/imidazolium-based/il-0115-hp
CCCCCCCCCCCCCCCCn1cc[n+](C)c1.F[P-](F)(F)(F)(F)F	CCCCCCCCCCCCCCCCn1cc[n+](C)c1	F[P-](F)(F)(F)(F)F	1-Hexadecyl-3-methylimidazolium hexafluorophosphate	219947-95-2	https://iolitec.de/index.php/products/ionic_liquids/catalogue/imidazolium-based/il-0158-hp
CCCCCCCCCCCCCCCCn1cc[n+](C)c1.F[B-](F)(F)F	CCCCCCCCCCCCCCCCn1cc[n+](C)c1	F[B-](F)(F)F	1-Hexadecyl-3-methylimidazolium tetrafluoroborate	244193-64-4	https://iolitec.de/index.php/products/ionic_liquids/catalogue/imidazolium-based/il-0097-hp
CCCCCC[N+]12CCN(CC1)CC2.O=S(=O)([N-]S(=O)(=O)C(F)(F)F)C(F)(F)F	CCCCCC[N+]12CCN(CC1)CC2	O=S(=O)([N-]S(=O)(=O)C(F)(F)F)C(F)(F)F	1-Hexyl-1,4-diaza[2.2.2]bicyclooctanium bis(trifluoromethylsulfonyl)imide	898256-50-3	https://iolitec.de/index.php/products/ionic_liquids/catalogue/miscellaneous-compounds/il-0314-hp
CCCCCC[N+]1(C)CCCC1.O=S(=O)([N-]S(=O)(=O)C(F)(F)F)C(F)(F)F	CCCCCC[N+]1(C)CCCC1	O=S(=O)([N-]S(=O)(=O)C(F)(F)F)C(F)(F)F	1-Hexyl-1-methylpyrrolidinium bis(trifluoromethylsulfonyl)imide	380497-19-8	https://iolitec.de/index.php/products/ionic_liquids/catalogue/pyrrolidinium-based/il-0092-hp
CCCCCCn1cc[n+](C)c1C.[I-]	CCCCCCn1cc[n+](C)c1C	[I-]	1-Hexyl-2,3-dimethylimidazolium iodide	288627-94-1	https://iolitec.de/index.php/products/ionic_liquids/catalogue/imidazolium-based/il-0138-hp
CCCCCCn1cc[n+](C)c1.O=S(=O)([N-]S(=O)(=O)C(F)(F)F)C(F)(F)F	CCCCCCn1cc[n+](C)c1	O=S(=O)([N-]S(=O)(=O)C(F)(F)F)C(F)(F)F	1-Hexyl-3-methylimidazolium bis(trifluoromethylsulfonyl)imide	382150-50-7	https://iolitec.de/index.php/products/ionic_liquids/catalogue/imidazolium-based/il-0098-hp
CCCCCCn1cc[n+](C)c1.O=S(=O)([N-]S(=O)(=O)C(F)(F)F)C(F)(F)F	CCCCCCn1cc[n+](C)c1	O=S(=O)([N-]S(=O)(=O)C(F)(F)F)C(F)(F)F	1-Hexyl-3-methylimidazolium bis(trifluoromethylsulfonyl)imide, 99.5%	382150-50-7	https://iolitec.de/index.php/products/ionic_liquids/catalogue/imidazolium-based/il-0098
CCCCCCn1cc[n+](C)c1.[Br-]	CCCCCCn1cc[n+](C)c1	[Br-]	1-Hexyl-3-methylimidazolium bromide	85100-78-3	https://iolitec.de/index.php/products/ionic_liquids/catalogue/imidazolium-based/il-0069-hp
CCCCCCn1cc[n+](C)c1.[Cl-]	CCCCCCn1cc[n+](C)c1	[Cl-]	1-Hexyl-3-methylimidazolium chloride	171058-17-6	https://iolitec.de/index.php/products/ionic_liquids/catalogue/imidazolium-based/il-0054-hp
CCCCCCn1cc[n+](C)c1.F[P-](F)(F)(F)(F)F	CCCCCCn1cc[n+](C)c1	F[P-](F)(F)(F)(F)F	1-Hexyl-3-methylimidazolium hexafluorophosphate	304680-35-1	https://iolitec.de/index.php/products/ionic_liquids/catalogue/imidazolium-based/il-0018-hp
CCCCCCn1cc[n+](C)c1.[I-]	CCCCCCn1cc[n+](C)c1	[I-]	1-Hexyl-3-methylimidazolium iodide	178631-05-5	https://iolitec.de/index.php/products/ionic_liquids/catalogue/ready-use-electrolytes/iolilyte-pve-4000
CCCCCCn1cc[n+](C)c1.[I-]	CCCCCCn1cc[n+](C)c1	[I-]	1-Hexyl-3-methylimidazolium iodide	178631-05-5	https://iolitec.de/index.php/products/ionic_liquids/catalogue/imidazolium-based/il-0026-hp
CCCCCCn1cc[n+](C)c1.O=S(=O)([O-])C(F)(F)C(F)(F)C(F)(F)C(F)(F)F	CCCCCCn1cc[n+](C)c1	O=S(=O)([O-])C(F)(F)C(F)(F)C(F)(F)C(F)(F)F	1-Hexyl-3-methylimidazolium perfluorobutanesulfonate	1001557-05-6	https://iolitec.de/index.php/products/ionic_liquids/catalogue/imidazolium-based/il-0311-hp
CCCCCCn1cc[n+](C)c1.F[B-](F)(F)F	CCCCCCn1cc[n+](C)c1	F[B-](F)(F)F	1-Hexyl-3-methylimidazolium tetrafluoroborate	244193-50-8	https://iolitec.de/index.php/products/ionic_liquids/catalogue/imidazolium-based/il-0019-hp
CCCCCCn1cc[n+](C)c1.N#CC(=C=[N-])C#N	CCCCCCn1cc[n+](C)c1	N#CC(=C=[N-])C#N	1-Hexyl-3-methylimidazolium tricyanomethanide >98%	1365535-17-6	https://iolitec.de/index.php/products/ionic_liquids/catalogue/imidazolium-based/il-0331-hp
CCCCCC[n+]1ccccc1.O=S(=O)([N-]S(=O)(=O)C(F)(F)F)C(F)(F)F	CCCCCC[n+]1ccccc1	O=S(=O)([N-]S(=O)(=O)C(F)(F)F)C(F)(F)F	1-Hexylpyridinium bis(trifluoromethylsulfonyl)imide	460983-97-5	https://iolitec.de/index.php/products/ionic_liquids/catalogue/pyridinium-based/il-0330-hp
CCCCCC[n+]1ccccc1.[Br-]	CCCCCC[n+]1ccccc1	[Br-]	1-Hexylpyridinium bromide	74440-81-6	https://iolitec.de/index.php/products/ionic_liquids/catalogue/pyridinium-based/il-0130-hp
CCCCCC[n+]1ccccc1.[Cl-]	CCCCCC[n+]1ccccc1	[Cl-]	1-Hexylpyridinium chloride	6220-15-1	https://iolitec.de/index.php/products/ionic_liquids/catalogue/pyridinium-based/il-0131-hp
CCCCCC[n+]1ccccc1.F[P-](F)(F)(F)(F)F	CCCCCC[n+]1ccccc1	F[P-](F)(F)(F)(F)F	1-Hexylpyridinium hexafluorophosphate	797789-00-5	https://iolitec.de/index.php/products/ionic_liquids/catalogue/pyridinium-based/il-0114-hp
CCCCCC[n+]1ccccc1.[I-]	CCCCCC[n+]1ccccc1	[I-]	1-Hexylpyridinium iodide	7324-00-7	https://iolitec.de/index.php/products/ionic_liquids/catalogue/pyridinium-based/il-0177-hp
CCCCCC[n+]1ccccc1.F[B-](F)(F)F	CCCCCC[n+]1ccccc1	F[B-](F)(F)F	1-Hexylpyridinium tetrafluoroborate	474368-70-2	https://iolitec.de/index.php/products/ionic_liquids/catalogue/pyridinium-based/il-0108-hp
CCCCCC[n+]1ccccc1.O=S(=O)([O-])C(F)(F)F	CCCCCC[n+]1ccccc1	O=S(=O)([O-])C(F)(F)F	1-Hexylpyridinium triflate	623167-81-7	https://iolitec.de/index.php/products/ionic_liquids/catalogue/pyridinium-based/il-0181-hp
CCCCCCCC[N+]1(C)CCCC1.O=S(=O)([N-]S(=O)(=O)C(F)(F)F)C(F)(F)F	CCCCCCCC[N+]1(C)CCCC1	O=S(=O)([N-]S(=O)(=O)C(F)(F)F)C(F)(F)F	1-Methyl-1-octylpyrrolidinium   bis(trifluoromethylsulfonyl)imide	927021-43-0	https://iolitec.de/index.php/products/ionic_liquids/catalogue/pyrrolidinium-based/il-0121-hp
CCC[N+]1(C)CCCCC1.O=S(=O)([N-]S(=O)(=O)C(F)(F)F)C(F)(F)F	CCC[N+]1(C)CCCCC1	O=S(=O)([N-]S(=O)(=O)C(F)(F)F)C(F)(F)F	1-Methyl-1-propylpiperidinium bis(trifluoromethylsulfonyl)imide	608140-12-1	https://iolitec.de/index.php/products/ionic_liquids/catalogue/piperidinium-based/il-0045-hp
CCC[N+]1(C)CCCCC1.[Br-]	CCC[N+]1(C)CCCCC1	[Br-]	1-Methyl-1-propylpiperidinium bromide	88840-42-0	https://iolitec.de/index.php/products/ionic_liquids/catalogue/piperidinium-based/il-0090-hp
CCC[N+]1(C)CCCCC1.[Cl-]	CCC[N+]1(C)CCCCC1	[Cl-]	1-Methyl-1-propylpiperidinium chloride	1383436-85-8	https://iolitec.de/index.php/products/ionic_liquids/catalogue/piperidinium-based/il-0151-hp
CCC[N+]1(C)CCCCC1.F[P-](F)(F)(F)(F)F	CCC[N+]1(C)CCCCC1	F[P-](F)(F)(F)(F)F	1-Methyl-1-propylpiperidinium hexafluorophosphate	1426821-81-9	https://iolitec.de/index.php/products/ionic_liquids/catalogue/piperidinium-based/il-0149-hp
CCC[N+]1(C)CCCCC1.[I-]	CCC[N+]1(C)CCCCC1	[I-]	1-Methyl-1-propylpiperidinium iodide	17874-63-4	https://iolitec.de/index.php/products/ionic_liquids/catalogue/piperidinium-based/il-0170-hp
CCC[N+]1(C)CCCCC1.F[B-](F)(F)F	CCC[N+]1(C)CCCCC1	F[B-](F)(F)F	1-Methyl-1-propylpiperidinium tetrafluoroborate	879866-95-2	https://iolitec.de/index.php/products/ionic_liquids/catalogue/piperidinium-based/il-0150-hp
CCC[N+]1(C)CCCCC1.O=S(=O)([O-])C(F)(F)F	CCC[N+]1(C)CCCCC1	O=S(=O)([O-])C(F)(F)F	1-Methyl-1-propylpiperidinium triflate	1221445-34-6	https://iolitec.de/index.php/products/ionic_liquids/catalogue/piperidinium-based/il-0175-hp
CCC[N+]1(C)CCCC1.O=S(=O)(F)[N-]S(=O)(=O)F	CCC[N+]1(C)CCCC1	O=S(=O)(F)[N-]S(=O)(=O)F	1-Methyl-1-propylpyrrolidinium bis(fluorosulfonyl)imide, 99.5%	852620-97-4	https://iolitec.de/index.php/products/ionic_liquids/catalogue/pyrrolidinium-based/il-0344
CCC[N+]1(C)CCCC1.O=S(=O)([N-]S(=O)(=O)C(F)(F)F)C(F)(F)F	CCC[N+]1(C)CCCC1	O=S(=O)([N-]S(=O)(=O)C(F)(F)F)C(F)(F)F	1-Methyl-1-propylpyrrolidinium bis(trifluoromethylsulfonyl)imide, 99.5%	223437-05-6	https://iolitec.de/index.php/products/ionic_liquids/catalogue/pyrrolidinium-based/il-0044
CCC[N+]1(C)CCCC1.O=S(=O)([N-]S(=O)(=O)C(F)(F)F)C(F)(F)F	CCC[N+]1(C)CCCC1	O=S(=O)([N-]S(=O)(=O)C(F)(F)F)C(F)(F)F	1-Methyl-1-propylpyrrolidinium bis(trifluoromethylsulfonyl)imide, 99.5% - OP	223437-05-6	https://iolitec.de/index.php/products/ionic_liquids/catalogue/pyrrolidinium-based/il-0044-op
CCC[N+]1(C)CCCC1.[Br-]	CCC[N+]1(C)CCCC1	[Br-]	1-Methyl-1-propylpyrrolidinium bromide	608140-09-6	https://iolitec.de/index.php/products/ionic_liquids/catalogue/pyrrolidinium-based/il-0145-hp
CCC[N+]1(C)CCCC1.[Cl-]	CCC[N+]1(C)CCCC1	[Cl-]	1-Methyl-1-propylpyrrolidinium chloride	528818-82-8	https://iolitec.de/index.php/products/ionic_liquids/catalogue/pyrrolidinium-based/il-0146-hp
CCC[N+]1(C)CCCC1.N#CN=C=[N-]	CCC[N+]1(C)CCCC1	N#CN=C=[N-]	1-Methyl-1-propylpyrrolidinium dicyanamide	327022-60-6	https://iolitec.de/index.php/products/ionic_liquids/catalogue/pyrrolidinium-based/il-0249-hp
CCC[N+]1(C)CCCC1.F[P-](F)(F)(F)(F)F	CCC[N+]1(C)CCCC1	F[P-](F)(F)(F)(F)F	1-Methyl-1-propylpyrrolidinium hexafluorophosphate	327022-58-2	https://iolitec.de/index.php/products/ionic_liquids/catalogue/pyrrolidinium-based/il-0148-hp
CCC[N+]1(C)CCCC1.[I-]	CCC[N+]1(C)CCCC1	[I-]	1-Methyl-1-propylpyrrolidinium iodide	56511-19-4	https://iolitec.de/index.php/products/ionic_liquids/catalogue/pyrrolidinium-based/il-0161-hp
CCC[N+]1(C)CCCC1.F[B-](F)(F)F	CCC[N+]1(C)CCCC1	F[B-](F)(F)F	1-Methyl-1-propylpyrrolidinium tetrafluoroborate	327022-59-3	https://iolitec.de/index.php/products/ionic_liquids/catalogue/pyrrolidinium-based/il-0147-hp
CCC[N+]1(C)CCCC1.O=S(=O)([O-])C(F)(F)F	CCC[N+]1(C)CCCC1	O=S(=O)([O-])C(F)(F)F	1-Methyl-1-propylpyrrolidinium triflate	1224852-54-3	https://iolitec.de/index.php/products/ionic_liquids/catalogue/pyrrolidinium-based/il-0162-hp
CCCCCCCCCn1cc[n+](C)c1.O=S(=O)([N-]S(=O)(=O)C(F)(F)F)C(F)(F)F	CCCCCCCCCn1cc[n+](C)c1	O=S(=O)([N-]S(=O)(=O)C(F)(F)F)C(F)(F)F	1-Methyl-3-nonylimidazolium bis(trifluoromethylsulfonyl)imide	433337-21-4	https://iolitec.de/index.php/products/ionic_liquids/catalogue/imidazolium-based/il-0302-hp
CCCCCCCCCn1cc[n+](C)c1.[Br-]	CCCCCCCCCn1cc[n+](C)c1	[Br-]	1-Methyl-3-nonylimidazolium bromide	343851-34-3	https://iolitec.de/index.php/products/ionic_liquids/catalogue/imidazolium-based/il-0299-hp
CCCCCCCCCn1cc[n+](C)c1.F[P-](F)(F)(F)(F)F	CCCCCCCCCn1cc[n+](C)c1	F[P-](F)(F)(F)(F)F	1-Methyl-3-nonylimidazolium hexafluorophosphate	343952-29-4	https://iolitec.de/index.php/products/ionic_liquids/catalogue/imidazolium-based/il-0308-hp
CCCCCCCCCn1cc[n+](C)c1.F[B-](F)(F)F	CCCCCCCCCn1cc[n+](C)c1	F[B-](F)(F)F	1-Methyl-3-nonylimidazolium tetrafluoroborate	244193-55-3	https://iolitec.de/index.php/products/ionic_liquids/catalogue/imidazolium-based/il-0305-hp
CCCCCCCCCCCCCCCCCCn1cc[n+](C)c1.O=S(=O)([N-]S(=O)(=O)C(F)(F)F)C(F)(F)F	CCCCCCCCCCCCCCCCCCn1cc[n+](C)c1	O=S(=O)([N-]S(=O)(=O)C(F)(F)F)C(F)(F)F	1-Methyl-3-octadecylimidazolium bis(trifluoromethylsulfonyl)imide	404001-51-0	https://iolitec.de/index.php/products/ionic_liquids/catalogue/imidazolium-based/il-0200-hp
CCCCCCCCCCCCCCCCCCn1cc[n+](C)c1.[Cl-]	CCCCCCCCCCCCCCCCCCn1cc[n+](C)c1	[Cl-]	1-Methyl-3-octadecylimidazolium chloride	171058-19-8	https://iolitec.de/index.php/products/ionic_liquids/catalogue/imidazolium-based/il-0160-hp
CCCCCCCCCCCCCCCCCCn1cc[n+](C)c1.F[P-](F)(F)(F)(F)F	CCCCCCCCCCCCCCCCCCn1cc[n+](C)c1	F[P-](F)(F)(F)(F)F	1-Methyl-3-octadecylimidazolium hexafluorophosphate	219947-96-3	https://iolitec.de/index.php/products/ionic_liquids/catalogue/imidazolium-based/il-0159-hp
CCCCCCCCCCCCCCCCCCn1cc[n+](C)c1.F[B-](F)(F)F	CCCCCCCCCCCCCCCCCCn1cc[n+](C)c1	F[B-](F)(F)F	1-Methyl-3-octadecylimidazolium tetrafluoroborate	244193-65-5	https://iolitec.de/index.php/products/ionic_liquids/catalogue/imidazolium-based/il-0210-hp
CCCCCCCCn1cc[n+](C)c1.O=S(=O)([N-]S(=O)(=O)C(F)(F)F)C(F)(F)F	CCCCCCCCn1cc[n+](C)c1	O=S(=O)([N-]S(=O)(=O)C(F)(F)F)C(F)(F)F	1-Methyl-3-octylimidazolium bis(trifluoromethylsulfonyl)imide	178631-04-4	https://iolitec.de/index.php/products/ionic_liquids/catalogue/imidazolium-based/il-0099-hp
CCCCCCCCn1cc[n+](C)c1.[Br-]	CCCCCCCCn1cc[n+](C)c1	[Br-]	1-Methyl-3-octylimidazolium bromide	61545-99-1	https://iolitec.de/index.php/products/ionic_liquids/catalogue/imidazolium-based/il-0071-hp
CCCCCCCCn1cc[n+](C)c1.[Cl-]	CCCCCCCCn1cc[n+](C)c1	[Cl-]	1-Methyl-3-octylimidazolium chloride	64697-40-1	https://iolitec.de/index.php/products/ionic_liquids/catalogue/imidazolium-based/il-0072-hp
CCCCCCCCn1cc[n+](C)c1.[Cl-]	CCCCCCCCn1cc[n+](C)c1	[Cl-]	1-Methyl-3-octylimidazolium chloride	64697-40-1	https://iolitec.de/index.php/products/ionic_liquids/catalogue/imidazolium-based/il-0072-sg
CCCCCCCCn1cc[n+](C)c1.F[P-](F)(F)(F)(F)F	CCCCCCCCn1cc[n+](C)c1	F[P-](F)(F)(F)(F)F	1-Methyl-3-octylimidazolium hexafluorophosphate	304680-36-2	https://iolitec.de/index.php/products/ionic_liquids/catalogue/imidazolium-based/il-0020-hp
CCCCCCCCn1cc[n+](C)c1.O=S(=O)([O-])C(F)(F)C(F)(F)C(F)(F)C(F)(F)F	CCCCCCCCn1cc[n+](C)c1	O=S(=O)([O-])C(F)(F)C(F)(F)C(F)(F)C(F)(F)F	1-Methyl-3-octylimidazolium perfluorobutanesulfonate	905972-83-0	https://iolitec.de/index.php/products/ionic_liquids/catalogue/imidazolium-based/il-0312-hp
CCCCCCCCn1cc[n+](C)c1.F[B-](F)(F)F	CCCCCCCCn1cc[n+](C)c1	F[B-](F)(F)F	1-Methyl-3-octylimidazolium tetrafluoroborate	244193-52-0	https://iolitec.de/index.php/products/ionic_liquids/catalogue/imidazolium-based/il-0021-hp
CCCCCCCCn1cc[n+](C)c1.N#CC(=C=[N-])C#N	CCCCCCCCn1cc[n+](C)c1	N#CC(=C=[N-])C#N	1-Methyl-3-octylimidazolium tricyanomethanide	1203710-60-4	https://iolitec.de/index.php/products/ionic_liquids/catalogue/imidazolium-based/il-0332-hp
CCCCCCCCn1cc[n+](C)c1.O=S(=O)([O-])C(F)(F)F	CCCCCCCCn1cc[n+](C)c1	O=S(=O)([O-])C(F)(F)F	1-Methyl-3-octylimidazolium triflate	403842-84-2	https://iolitec.de/index.php/products/ionic_liquids/catalogue/imidazolium-based/il-0073-hp
CCCn1cc[n+](C)c1.O=S(=O)([O-])C(F)(F)C(F)F	CCCn1cc[n+](C)c1	O=S(=O)([O-])C(F)(F)C(F)F	1-Methyl-3-propylimidazolium 1,1,2,2-tetrafluoroethanesulfonate	1879098-97-1 	https://iolitec.de/index.php/products/ionic_liquids/catalogue/imidazolium-based/il-0233-sg
CCCn1cc[n+](C)c1.O=S(=O)([N-]S(=O)(=O)C(F)(F)F)C(F)(F)F	CCCn1cc[n+](C)c1	O=S(=O)([N-]S(=O)(=O)C(F)(F)F)C(F)(F)F	1-Methyl-3-propylimidazolium bis(trifluoromethylsulfonyl)imide	216299-72-8	https://iolitec.de/index.php/products/ionic_liquids/catalogue/imidazolium-based/il-0024-hp
CCCn1cc[n+](C)c1.O=S(=O)([N-]S(=O)(=O)C(F)(F)F)C(F)(F)F	CCCn1cc[n+](C)c1	O=S(=O)([N-]S(=O)(=O)C(F)(F)F)C(F)(F)F	1-Methyl-3-propylimidazolium bis(trifluoromethylsulfonyl)imide, 99.5%	216299-72-8	https://iolitec.de/index.php/products/ionic_liquids/catalogue/imidazolium-based/il-0024
CCCn1cc[n+](C)c1.[Br-]	CCCn1cc[n+](C)c1	[Br-]	1-Methyl-3-propylimidazolium bromide	85100-76-1	https://iolitec.de/index.php/products/ionic_liquids/catalogue/imidazolium-based/il-0096-hp
CCCN1C=C[NH+](C)C1.[Cl-]	CCCN1C=C[NH+](C)C1	[Cl-]	1-Methyl-3-propylimidazolium chloride	79917-89-8	https://iolitec.de/index.php/products/ionic_liquids/catalogue/imidazolium-based/il-0144-hp
CCCn1cc[n+](C)c1.F[P-](F)(F)(F)(F)F	CCCn1cc[n+](C)c1	F[P-](F)(F)(F)(F)F	1-Methyl-3-propylimidazolium hexafluorophosphate	216300-12-8	https://iolitec.de/index.php/products/ionic_liquids/catalogue/imidazolium-based/il-0142-hp
CCCn1cc[n+](C)c1.[I-]	CCCn1cc[n+](C)c1	[I-]	1-Methyl-3-propylimidazolium iodide	119171-18-5	https://iolitec.de/index.php/products/ionic_liquids/catalogue/imidazolium-based/il-0025-hp
CCCn1cc[n+](C)c1.F[B-](F)(F)F	CCCn1cc[n+](C)c1	F[B-](F)(F)F	1-Methyl-3-propylimidazolium tetrafluoroborate	244193-48-4	https://iolitec.de/index.php/products/ionic_liquids/catalogue/imidazolium-based/il-0143-hp
CCCn1cc[n+](C)c1.O=S(=O)([O-])C(F)(F)F	CCCn1cc[n+](C)c1	O=S(=O)([O-])C(F)(F)F	1-Methyl-3-propylimidazolium triflate	878550-45-9	https://iolitec.de/index.php/products/ionic_liquids/catalogue/imidazolium-based/il-0296-hp
CCCCCCCCCCCCCCn1cc[n+](C)c1.O=S(=O)([N-]S(=O)(=O)C(F)(F)F)C(F)(F)F	CCCCCCCCCCCCCCn1cc[n+](C)c1	O=S(=O)([N-]S(=O)(=O)C(F)(F)F)C(F)(F)F	1-Methyl-3-tetradecylimidazolium bis(trifluoromethylsulfonyl)imide	404001-49-6	https://iolitec.de/index.php/products/ionic_liquids/catalogue/imidazolium-based/il-0102-hp
CCCCCCCCCCCCCCn1cc[n+](C)c1.[Cl-]	CCCCCCCCCCCCCCn1cc[n+](C)c1	[Cl-]	1-Methyl-3-tetradecylimidazolium chloride >98%	171058-21-2	https://iolitec.de/index.php/products/ionic_liquids/catalogue/imidazolium-based/il-0141-hp
CCCCCCCCCCCCCCn1cc[n+](C)c1.F[P-](F)(F)(F)(F)F	CCCCCCCCCCCCCCn1cc[n+](C)c1	F[P-](F)(F)(F)(F)F	1-Methyl-3-tetradecylimidazolium hexafluorophosphate	219947-94-1	https://iolitec.de/index.php/products/ionic_liquids/catalogue/imidazolium-based/il-0157-hp
CCCCCCCCCCCCCCn1cc[n+](C)c1.F[B-](F)(F)F	CCCCCCCCCCCCCCn1cc[n+](C)c1	F[B-](F)(F)F	1-Methyl-3-tetradecylimidazolium tetrafluoroborate	244193-61-1	https://iolitec.de/index.php/products/ionic_liquids/catalogue/imidazolium-based/il-0256-hp
C[n+]1cc[nH]c1.O=[N+]([O-])[O-]	C[n+]1cc[nH]c1	O=[N+]([O-])[O-]	1-Methylimidazolium  nitrate	156204-43-2	https://iolitec.de/index.php/products/ionic_liquids/catalogue/imidazolium-based/il-0264-sg
C[NH+]1C=CN=C1.O=S(=O)([O-])C(F)(F)F	C[NH+]1C=CN=C1	O=S(=O)([O-])C(F)(F)F	1-Methylimidazolium  triflate	99257-94-0	https://iolitec.de/index.php/products/ionic_liquids/catalogue/imidazolium-based/il-0263-sg
C[n+]1cc[nH]c1.O=S(=O)([N-]S(=O)(=O)C(F)(F)F)C(F)(F)F	C[n+]1cc[nH]c1	O=S(=O)([N-]S(=O)(=O)C(F)(F)F)C(F)(F)F	1-Methylimidazolium bis(trifluoromethylsulfonyl)imide	353239-08-4	https://iolitec.de/index.php/products/ionic_liquids/catalogue/ready-use-electrolytes/iolilyte-fce-3000
C[n+]1cc[nH]c1.O=S(=O)([N-]S(=O)(=O)C(F)(F)F)C(F)(F)F	C[n+]1cc[nH]c1	O=S(=O)([N-]S(=O)(=O)C(F)(F)F)C(F)(F)F	1-Methylimidazolium bis(trifluoromethylsulfonyl)imide	353239-08-4	https://iolitec.de/index.php/products/ionic_liquids/catalogue/imidazolium-based/il-0261-sg
CCC[n+]1ccccc1C.[Br-]	CCC[n+]1ccccc1C	[Br-]	1-Propyl-2-methylpyridinium  bromide	5411-09-6	https://iolitec.de/index.php/products/ionic_liquids/catalogue/pyridinium-based/il-0221-hp
CCC[n+]1cccc(C)c1.[Br-]	CCC[n+]1cccc(C)c1	[Br-]	1-Propyl-3-methylpyridinium  bromide	67021-55-0	https://iolitec.de/index.php/products/ionic_liquids/catalogue/pyridinium-based/il-0222-hp
CCC[n+]1cccc(C)c1.O=S(=O)([N-]S(=O)(=O)C(F)(F)F)C(F)(F)F	CCC[n+]1cccc(C)c1	O=S(=O)([N-]S(=O)(=O)C(F)(F)F)C(F)(F)F	1-Propyl-3-methylpyridinium bis(trifluoromethylsulfonyl)imide	817575-06-7	https://iolitec.de/index.php/products/ionic_liquids/catalogue/pyridinium-based/il-0215-hp
CCC[n+]1ccc(C)cc1.O=S(=O)([N-]S(=O)(=O)C(F)(F)F)C(F)(F)F	CCC[n+]1ccc(C)cc1	O=S(=O)([N-]S(=O)(=O)C(F)(F)F)C(F)(F)F	1-Propyl-4-methylpyridinium bis(trifluoromethylsulfonyl)imide	1456878-01-5	https://iolitec.de/index.php/products/ionic_liquids/catalogue/pyridinium-based/il-0218-hp
CCC[n+]1ccc(C)cc1.[Br-]	CCC[n+]1ccc(C)cc1	[Br-]	1-Propyl-4-methylpyridinium bromide	70850-58-7	https://iolitec.de/index.php/products/ionic_liquids/catalogue/pyridinium-based/il-0223-hp
CCC[n+]1ccccc1.O=S(=O)([N-]S(=O)(=O)C(F)(F)F)C(F)(F)F	CCC[n+]1ccccc1	O=S(=O)([N-]S(=O)(=O)C(F)(F)F)C(F)(F)F	1-Propylpyridinium bis(trifluoromethylsulfonyl)imide	1104525-90-7	https://iolitec.de/index.php/products/ionic_liquids/catalogue/pyridinium-based/il-0212-hp
CCC[n+]1ccccc1.[Br-]	CCC[n+]1ccccc1	[Br-]	1-Propylpyridinium bromide	873-71-2	https://iolitec.de/index.php/products/ionic_liquids/catalogue/pyridinium-based/il-0224-hp
CCC[n+]1ccccc1.F[P-](F)(F)(F)(F)F	CCC[n+]1ccccc1	F[P-](F)(F)(F)(F)F	1-Propylpyridinium hexafluorophosphate	1242154-97-7	https://iolitec.de/index.php/products/ionic_liquids/catalogue/pyridinium-based/il-0251-hp
CCC[n+]1ccccc1.[I-]	CCC[n+]1ccccc1	[I-]	1-Propylpyridinium iodide	39868-02-5	https://iolitec.de/index.php/products/ionic_liquids/catalogue/pyridinium-based/il-0253-hp
CCC[n+]1ccccc1.F[B-](F)(F)F	CCC[n+]1ccccc1	F[B-](F)(F)F	1-Propylpyridinium tetrafluoroborate	239084-00-5	https://iolitec.de/index.php/products/ionic_liquids/catalogue/pyridinium-based/il-0252-hp
CCC[n+]1ccccc1.O=S(=O)([O-])C(F)(F)F	CCC[n+]1ccccc1	O=S(=O)([O-])C(F)(F)F	1-Propylpyridinium triflate	1242154-93-3	https://iolitec.de/index.php/products/ionic_liquids/catalogue/pyridinium-based/il-0250-hp
CCC[n+]1ccccc1C.O=S(=O)([N-]S(=O)(=O)C(F)(F)F)C(F)(F)F	CCC[n+]1ccccc1C	O=S(=O)([N-]S(=O)(=O)C(F)(F)F)C(F)(F)F	2-Methyl-1-propylpyridinium bis(trifluoromethylsulfonyl)imide	1456877-99-8	https://iolitec.de/index.php/products/ionic_liquids/catalogue/pyridinium-based/il-0248-hp
C[N+](C)(C)CC(=O)O.O=S(=O)([N-]S(=O)(=O)C(F)(F)F)C(F)(F)F	C[N+](C)(C)CC(=O)O	O=S(=O)([N-]S(=O)(=O)C(F)(F)F)C(F)(F)F	Betaine bis(trifluoromethylsulfonyl)imide	915223-75-5	https://iolitec.de/index.php/products/ionic_liquids/catalogue/ammonium-based/il-0347-hp
CCCCn1cc[n+](C)c1.CCCCn1cc[n+](C)c1.[Co+2].[N-]=C=S.[N-]=C=S.[N-]=C=S.[N-]=C=S	[Co+2]	[N-]=C=S	Bis(1-butyl-3-methylimidazolium) tetrathiocyanatocobaltate	1245942-47-5	https://iolitec.de/index.php/products/ionic_liquids/catalogue/imidazolium-based/il-0310-hp
CCn1cc[n+](C)c1.CCn1cc[n+](C)c1.[Co+2].[N-]=C=S.[N-]=C=S.[N-]=C=S.[N-]=C=S	[Co+2]	[N-]=C=S	Bis(1-ethyl-3-methylimidazolium) tetrathiocyanatocobaltate	1255925-80-4	https://iolitec.de/index.php/products/ionic_liquids/catalogue/imidazolium-based/il-0309-hp
CCCC[N+](CC)(CC)CC.O=S(=O)([N-]S(=O)(=O)C(F)(F)F)C(F)(F)F	CCCC[N+](CC)(CC)CC	O=S(=O)([N-]S(=O)(=O)C(F)(F)F)C(F)(F)F	Butyltriethylammonium bis(trifluoromethylsulfonyl)imide	324574-91-6	https://iolitec.de/index.php/products/ionic_liquids/catalogue/ammonium-based/il-0329-hp
CCCC[N+](C)(C)C.O=S(=O)([O-])C(F)(F)C(F)F	CCCC[N+](C)(C)C	O=S(=O)([O-])C(F)(F)C(F)F	Butyltrimethylammonium 1,1,2,2-tetrafluoroethanesulfonate	3032953-04-8	https://iolitec.de/index.php/products/ionic_liquids/catalogue/ammonium-based/il-0237-hp
CCCC[N+](C)(C)C.O=S(=O)([N-]S(=O)(=O)C(F)(F)F)C(F)(F)F	CCCC[N+](C)(C)C	O=S(=O)([N-]S(=O)(=O)C(F)(F)F)C(F)(F)F	Butyltrimethylammonium bis(trifluoromethylsulfonyl)imide	258273-75-5	https://iolitec.de/index.php/products/ionic_liquids/catalogue/ammonium-based/il-0032-hp
CCCC[N+](C)(C)C.O=S(=O)([N-]S(=O)(=O)C(F)(F)F)C(F)(F)F	CCCC[N+](C)(C)C	O=S(=O)([N-]S(=O)(=O)C(F)(F)F)C(F)(F)F	Butyltrimethylammonium bis(trifluoromethylsulfonyl)imide, 99	258273-75-5	https://iolitec.de/index.php/products/ionic_liquids/catalogue/ammonium-based/il-0032
CC(=O)[O-].C[N+](C)(C)CCO	C[N+](C)(C)CCO	CC(=O)[O-]	Choline acetate	14586-35-7	https://iolitec.de/index.php/products/ionic_liquids/catalogue/imidazolium-based/il-0322-hp
CC(=O)[O-].C[N+](C)(C)CCO	C[N+](C)(C)CCO	CC(=O)[O-]	Choline acetate - TG	14586-35-7	https://iolitec.de/index.php/products/ionic_liquids/catalogue/imidazolium-based/il-0322-tg
CC(=O)[O-].C[N+](C)(C)CCO	C[N+](C)(C)CCO	CC(=O)[O-]	Choline acetate - UP	14586-35-7	https://iolitec.de/index.php/products/ionic_liquids/catalogue/ammonium-based/il-0322
C[N+](C)(C)CCO.O=S(=O)([N-]S(=O)(=O)C(F)(F)F)C(F)(F)F	C[N+](C)(C)CCO	O=S(=O)([N-]S(=O)(=O)C(F)(F)F)C(F)(F)F	Choline bis(trifluoromethylsulfonyl)imide	827027-25-8	https://iolitec.de/index.php/products/ionic_liquids/catalogue/ammonium-based/il-0110-hp
C[N+](C)(C)CCO.O=P([O-])(O)O	C[N+](C)(C)CCO	O=P([O-])(O)O	Choline dihydrogen phosphate	83846-92-8	https://iolitec.de/index.php/products/ionic_liquids/catalogue/ammonium-based/il-0042-hp
CCCCCC(=O)[O-].C[N+](C)(C)CCO	C[N+](C)(C)CCO	CCCCCC(=O)[O-]	Choline hexanoate	...	https://iolitec.de/index.php/products/ionic_liquids/catalogue/ammonium-based/il-0351-hp
C[N+](C)(C)CCO.[OH-]	C[N+](C)(C)CCO	[OH-]	Choline hydroxide solution, purity 97%, 15 wt% in water	123-41-1	https://iolitec.de/index.php/products/ionic_liquids/catalogue/ammonium-based/ki-0058
CC[S+](C)CC.O=S(=O)([N-]S(=O)(=O)C(F)(F)F)C(F)(F)F	CC[S+](C)CC	O=S(=O)([N-]S(=O)(=O)C(F)(F)F)C(F)(F)F	Diethylmethylsulfonium bis(trifluoromethylsulfonyl)imide	792188-85-3	https://iolitec.de/index.php/products/ionic_liquids/catalogue/sulfonium-based/il-0031-hp
O=S(=O)([O-])C(F)(F)F.c1ccc([I+]c2ccccc2)cc1	c1ccc([I+]c2ccccc2)cc1	O=S(=O)([O-])C(F)(F)F	Diphenyliodonium Triflate	66003-76-7	https://iolitec.de/index.php/products/ionic_liquids/catalogue/miscellaneous-compounds/ki-0070-hp
CCC[N+](C)(C)CC.O=S(=O)([N-]S(=O)(=O)C(F)(F)F)C(F)(F)F	CCC[N+](C)(C)CC	O=S(=O)([N-]S(=O)(=O)C(F)(F)F)C(F)(F)F	Ethyldimethylpropylammonium bis(trifluormethylsulfonyl)imide	258273-77-7	https://iolitec.de/index.php/products/ionic_liquids/catalogue/ammonium-based/il-0349-hp
CCCC[P+](CC)(CCCC)CCCC.CCOP(=O)([O-])OCC	CCCC[P+](CC)(CCCC)CCCC	CCOP(=O)([O-])OCC	Ethyltributylphosphonium diethyl phosphate	20445-94-7	https://iolitec.de/index.php/products/ionic_liquids/catalogue/phosphonium-based/0018-tg
CCCCCCCCCCCCCCCC[N+](C)(C)C.O=S(=O)([N-]S(=O)(=O)C(F)(F)F)C(F)(F)F	CCCCCCCCCCCCCCCC[N+](C)(C)C	O=S(=O)([N-]S(=O)(=O)C(F)(F)F)C(F)(F)F	Hexadecyltrimethylammonium bis(trifluoromethylsulfonyl)imide	1031250-01-7	https://iolitec.de/index.php/products/ionic_liquids/catalogue/ammonium-based/il-0327-hp
CCOS(=O)(=O)[O-].CCn1cc[n+](C)c1	CCn1cc[n+](C)c1	CCOS(=O)(=O)[O-]	IoLiLyte 12IM	342573-75-5	https://iolitec.de/index.php/products/ionic_liquids/catalogue/ammonium-based/0026-hp
O=S(=O)(F)[N-]S(=O)(=O)F.[Li+]	[Li+]	O=S(=O)(F)[N-]S(=O)(=O)F	Lithium bis(fluorosulfonyl)imide	171611-11-3	https://iolitec.de/index.php/products/ionic_liquids/catalogue/miscellaneous-compounds/ki-0059
O=S(=O)([N-]S(=O)(=O)C(F)(F)C(F)(F)C(F)(F)C(F)(F)F)C(F)(F)C(F)(F)C(F)(F)C(F)(F)F.[Li+]	[Li+]	O=S(=O)([N-]S(=O)(=O)C(F)(F)C(F)(F)C(F)(F)C(F)(F)F)C(F)(F)C(F)(F)C(F)(F)C(F)(F)F	Lithium bis(nonafluorobutanesulfonyl)imide	119229-99-1	https://iolitec.de/index.php/products/ionic_liquids/catalogue/perfluorobutane-sulfonic-acid-derivatives/ki-0066-hp
O=S(=O)([N-]S(=O)(=O)C(F)(F)C(F)(F)F)C(F)(F)C(F)(F)F.[Li+]	[Li+]	O=S(=O)([N-]S(=O)(=O)C(F)(F)C(F)(F)F)C(F)(F)C(F)(F)F	Lithium bis(pentafluoroethylsulfonyl)imide	132843-44-8	https://iolitec.de/index.php/products/ionic_liquids/catalogue/triflic-acid-derivatives/ki-0016-hp
O=S(=O)([N-]S(=O)(=O)C(F)(F)F)C(F)(F)F.[Li+]	[Li+]	O=S(=O)([N-]S(=O)(=O)C(F)(F)F)C(F)(F)F	Lithium bis(trifluoromethylsulfonyl)imide in water	90076-65-6	https://iolitec.de/index.php/products/ionic_liquids/catalogue/miscellaneous-compounds/ki-0046
O=S(=O)([N-]S(=O)(=O)C(F)(F)F)C(F)(F)F.[Li+]	[Li+]	O=S(=O)([N-]S(=O)(=O)C(F)(F)F)C(F)(F)F	Lithium bis(trifluoromethylsulfonyl)imide	90076-65-6	https://iolitec.de/index.php/products/ionic_liquids/catalogue/triflic-acid-derivatives/ki-0001-hp
N#C[N-]C#N.[Li+]	[Li+]	N#C[N-]C#N	Lithium dicyanamide, 99 %	195199-57-6	https://iolitec.de/index.php/products/ionic_liquids/catalogue/miscellaneous-compounds/ki-0054-hp
[I-].[Li+]	[Li+]	[I-]	Lithium iodide	10377-51-2	https://iolitec.de/index.php/products/ionic_liquids/catalogue/miscellaneous-compounds/iolitive-pve-0007
O=S(=O)([N-]S(=O)(=O)C(F)(F)F)C(F)(F)F.O=S(=O)([N-]S(=O)(=O)C(F)(F)F)C(F)(F)F.[Mg+2]	[Mg+2]	O=S(=O)([N-]S(=O)(=O)C(F)(F)F)C(F)(F)F	Magnesium bis(trifluoromethylsulfonyl)imide	133395-16-1	https://iolitec.de/index.php/products/ionic_liquids/catalogue/miscellaneous-compounds/ki-0057-hp
CCCCCCCC[N+](C)(CCCCCCCC)CCCCCCCC.O=S(=O)([N-]S(=O)(=O)C(F)(F)F)C(F)(F)F	CCCCCCCC[N+](C)(CCCCCCCC)CCCCCCCC	O=S(=O)([N-]S(=O)(=O)C(F)(F)F)C(F)(F)F	Methyltrioctylammonium bis(trifluoromethylsulfonyl)imide	375395-33-8	https://iolitec.de/index.php/products/ionic_liquids/catalogue/ammonium-based/il-0017-hp
CCCCCCCC[N+](C)(CCCCCCCC)CCCCCCCC.O=S(=O)([O-])C(F)(F)F	CCCCCCCC[N+](C)(CCCCCCCC)CCCCCCCC	O=S(=O)([O-])C(F)(F)F	Methyltrioctylammonium triflate	121107-18-4	https://iolitec.de/index.php/products/ionic_liquids/catalogue/ammonium-based/il-0118-hp
CCCCCCCC[P+](C)(CCCCCCCC)CCCCCCCC.COC(=O)[O-]	CCCCCCCC[P+](C)(CCCCCCCC)CCCCCCCC	COC(=O)[O-]	Methyltrioctylphosphonium methylcarbonate in MeOH	1204316-79-9	https://iolitec.de/index.php/products/ionic_liquids/catalogue/phosphonium-based/0031-sg
CC[N+](C)(CC)CCOC.O=S(=O)([N-]S(=O)(=O)C(F)(F)F)C(F)(F)F	CC[N+](C)(CC)CCOC	O=S(=O)([N-]S(=O)(=O)C(F)(F)F)C(F)(F)F	N,N-Diethyl-N-methyl-N-(2-methoxyethyl) ammonium bis(trifluoromethylsulfonyl)-imide	464927-84-2	https://iolitec.de/index.php/products/ionic_liquids/catalogue/ammonium-based/il-0116-hp
CC[N+](C)(CC)CCOC.F[B-](F)(F)F	CC[N+](C)(CC)CCOC	F[B-](F)(F)F	N,N-Diethyl-N-methyl-N-(2-methoxyethyl) ammonium tetrafluoroborate	464927-72-8	https://iolitec.de/index.php/products/ionic_liquids/catalogue/ammonium-based/il-0123-hp
CCC[NH+](C)CC.O=S(=O)([O-])C(F)(F)C(F)(F)C(F)(F)C(F)(F)F	CCC[NH+](C)CC	O=S(=O)([O-])C(F)(F)C(F)(F)C(F)(F)C(F)(F)F	N-Ethyl-N-methyl-N-propylammonium perfluorobutanesulfonate	1186599-90-5	https://iolitec.de/index.php/products/ionic_liquids/catalogue/ammonium-based/il-0338-hp
C=C(C)C(=O)OCC[N+](C)(C)CCCC.O=S(=O)([N-]S(=O)(=O)C(F)(F)F)C(F)(F)F	C=C(C)C(=O)OCC[N+](C)(C)CCCC	O=S(=O)([N-]S(=O)(=O)C(F)(F)F)C(F)(F)F	N-[2-(Methacryloyloxy)ethyl]-N,N-dimethylbutylammonium bis(trifluoromethylsulfonyl)imide	1616483-28-3	https://iolitec.de/index.php/products/ionic_liquids/catalogue/ammonium-based/il-0363-hp
F[P-](F)(F)(F)(F)F.[K+]	[K+]	F[P-](F)(F)(F)(F)F	Potassium hexafluorophosphate	17084-13-8	https://iolitec.de/index.php/products/ionic_liquids/catalogue/miscellaneous-compounds/ki-0031-hp
O=S(=O)([O-])C(F)(F)C(F)(F)C(F)(F)C(F)(F)F.[K+]	[K+]	O=S(=O)([O-])C(F)(F)C(F)(F)C(F)(F)C(F)(F)F	Potassium perfluorobutane sulfonate	29420-49-3	https://iolitec.de/index.php/products/ionic_liquids/catalogue/perfluorobutane-sulfonic-acid-derivatives/ki-0044-hp
N#C[B-](C#N)(C#N)C#N.[K+]	[K+]	N#C[B-](C#N)(C#N)C#N	Potassium tetracyanoborat	261356-49-4	https://iolitec.de/index.php/products/ionic_liquids/catalogue/miscellaneous-compounds/ki-0068-hp
F[B-](F)(F)F.[K+]	[K+]	F[B-](F)(F)F	Potassium tetrafluoroborate	14075-53-7	https://iolitec.de/index.php/products/ionic_liquids/catalogue/miscellaneous-compounds/ki-0042-hp
CCCCn1cc[n+](C)c1.[Al+3].[Cl-].[Cl-].[Cl-].[Cl-]	[Al+3]	[Cl-]	Ready-to use electrolyte based on 1-Butyl-3-methylimidazolium chloride	80432-09-3	https://iolitec.de/index.php/products/ionic_liquids/catalogue/ready-use-electrolytes/ep-0004-hp
N#C[N-]C#N.[Na+]	[Na+]	N#C[N-]C#N	Sodium dicyanamide	1934-75-4	https://iolitec.de/index.php/products/ionic_liquids/catalogue/miscellaneous-compounds/ki-0015-sg
F[B-](F)(F)F.[Na+]	[Na+]	F[B-](F)(F)F	Sodium tetrafluoroborate	13755-29-8	https://iolitec.de/index.php/products/ionic_liquids/catalogue/miscellaneous-compounds/ki-0025-hp
N#C[C-](C#N)C#N.[Na+]	[Na+]	N#C[C-](C#N)C#N	Sodium tricyanomethanide	36603-80-2	https://iolitec.de/index.php/products/ionic_liquids/catalogue/miscellaneous-compounds/ki-0049-sg
CC(=O)[O-].CCCC[P+](CCCC)(CCCC)CCCC	CCCC[P+](CCCC)(CCCC)CCCC	CC(=O)[O-]	Tetrabutylphosphonium acetate	30345-49-4	https://iolitec.de/index.php/products/ionic_liquids/catalogue/phosphonium-based/0046-hp
CCCC[P+](CCCC)(CCCC)CCCC.[Br-]	CCCC[P+](CCCC)(CCCC)CCCC	[Br-]	Tetrabutylphosphonium bromide	3115-68-2	https://iolitec.de/index.php/products/ionic_liquids/catalogue/phosphonium-based/0014-tg
CCCC[P+](CCCC)(CCCC)CCCC.[Br-]	CCCC[P+](CCCC)(CCCC)CCCC	[Br-]	Tetrabutylphosphonium bromide in water	3115-68-2	https://iolitec.de/index.php/products/ionic_liquids/catalogue/phosphonium-based/0014-lg
CCCC[P+](CCCC)(CCCC)CCCC.[Cl-]	CCCC[P+](CCCC)(CCCC)CCCC	[Cl-]	Tetrabutylphosphonium chloride	2304-30-5	https://iolitec.de/index.php/products/ionic_liquids/catalogue/phosphonium-based/0015-tg
CCCC[P+](CCCC)(CCCC)CCCC.[Cl-]	CCCC[P+](CCCC)(CCCC)CCCC	[Cl-]	Tetrabutylphosphonium chloride in methanol	2304-30-5	https://iolitec.de/index.php/products/ionic_liquids/catalogue/phosphonium-based/0015-lg
CC[N+](CC)(CC)CC.O=S(=O)([O-])C(F)(F)C(F)F	CC[N+](CC)(CC)CC	O=S(=O)([O-])C(F)(F)C(F)F	Tetraethylammonium 1,1,2,2-tetrafluoroethanesulfonate	3032953-07-1	https://iolitec.de/index.php/products/ionic_liquids/catalogue/ammonium-based/il-0238-sg
CC[N+](CC)(CC)CC.O=S(=O)([N-]S(=O)(=O)C(F)(F)F)C(F)(F)F	CC[N+](CC)(CC)CC	O=S(=O)([N-]S(=O)(=O)C(F)(F)F)C(F)(F)F	Tetraethylammonium bis(trifluoromethylsulfonyl)imide	161401-26-9	https://iolitec.de/index.php/products/ionic_liquids/catalogue/ammonium-based/il-0335-hp
CC[N+](CC)(CC)CC.F[B-](F)(F)F	CC[N+](CC)(CC)CC	F[B-](F)(F)F	Tetraethylammonium Tetrafluoroborate	429-06-1	https://iolitec.de/index.php/products/ionic_liquids/catalogue/ammonium-based/il-0348-hp
CC[N+](CC)(CC)CC.F[B-](F)(F)F	CC[N+](CC)(CC)CC	F[B-](F)(F)F	Tetraethylammonium Tetrafluoroborate	429-06-1	https://iolitec.de/index.php/products/ionic_liquids/catalogue/ammonium-based/il-0348
CCCCCCCC[P+](CCCCCCCC)(CCCCCCCC)CCCCCCCC.[Br-]	CCCCCCCC[P+](CCCCCCCC)(CCCCCCCC)CCCCCCCC	[Br-]	Tetraoctylphosphonium bromide	23906-97-0	https://iolitec.de/index.php/products/ionic_liquids/catalogue/phosphonium-based/0016-tg
CCCC[N+](C)(CCCC)CCCC.O=S(=O)(F)[N-]S(=O)(=O)F	CCCC[N+](C)(CCCC)CCCC	O=S(=O)(F)[N-]S(=O)(=O)F	Tributylmethylammonium bis(fluorosulfonyl)imide	1425637-15-5	https://iolitec.de/index.php/products/ionic_liquids/catalogue/ammonium-based/il-0346-hp
CCCC[N+](C)(CCCC)CCCC.O=S(=O)([N-]S(=O)(=O)C(F)(F)F)C(F)(F)F	CCCC[N+](C)(CCCC)CCCC	O=S(=O)([N-]S(=O)(=O)C(F)(F)F)C(F)(F)F	Tributylmethylammonium bis(trifluoromethylsulfonyl)imide	405514-94-5	https://iolitec.de/index.php/products/ionic_liquids/catalogue/ammonium-based/il-0117-hp
CCCC[P+](C)(CCCC)CCCC.O=S(=O)(F)[N-]S(=O)(=O)F	CCCC[P+](C)(CCCC)CCCC	O=S(=O)(F)[N-]S(=O)(=O)F	Tributylmethylphosphonium bis(fluorosulfonyl)imide	2253137-97-0	https://iolitec.de/index.php/products/ionic_liquids/catalogue/phosphonium-based/0045-hp
CCCC[P+](C)(CCCC)CCCC.O=S(=O)([N-]S(=O)(=O)C(F)(F)F)C(F)(F)F	CCCC[P+](C)(CCCC)CCCC	O=S(=O)([N-]S(=O)(=O)C(F)(F)F)C(F)(F)F	Tributylmethylphosphonium bis(trifluoromethylsulfonyl)imide	324575-10-2	https://iolitec.de/index.php/products/ionic_liquids/catalogue/phosphonium-based/0037-hp
CCCC[P+](C)(CCCC)CCCC.COC(=O)[O-]	CCCC[P+](C)(CCCC)CCCC	COC(=O)[O-]	Tributylmethylphosphonium methylcarbonate in MeOH	120256-45-3	https://iolitec.de/index.php/products/ionic_liquids/catalogue/phosphonium-based/0030-sg
CCCC[P+](C)(CCCC)CCCC.COS(=O)(=O)[O-]	CCCC[P+](C)(CCCC)CCCC	COS(=O)(=O)[O-]	Tributylmethylphosphonium methylsulfate	69056-62-8	https://iolitec.de/index.php/products/ionic_liquids/catalogue/phosphonium-based/0013-tg
CCCCCCCCCCCCCC[P+](CCCC)(CCCC)CCCC.[Cl-]	CCCCCCCCCCCCCC[P+](CCCC)(CCCC)CCCC	[Cl-]	Tributyltetradecylphosphonium chloride	81741-28-8	https://iolitec.de/index.php/products/ionic_liquids/catalogue/phosphonium-based/0017-tg
CCCCCCCCCCCCCC[P+](CCCC)(CCCC)CCCC.[Cl-]	CCCCCCCCCCCCCC[P+](CCCC)(CCCC)CCCC	[Cl-]	Tributyltetradecylphosphonium chloride   (50% solution in water)	81741-28-8	https://iolitec.de/index.php/products/ionic_liquids/catalogue/phosphonium-based/0017-sg
CCCCCCCCCCCCCC[P+](CCCC)(CCCC)CCCC.CCCCCCCCCCCCc1ccc(S(=O)(=O)[O-])cc1	CCCCCCCCCCCCCC[P+](CCCC)(CCCC)CCCC	CCCCCCCCCCCCc1ccc(S(=O)(=O)[O-])cc1	Tributyltetradecylphosphonium dodecylbenzenesulfonate	170695-05-3	https://iolitec.de/index.php/products/ionic_liquids/catalogue/phosphonium-based/0019-tg
CC[NH+](CC)CC.O=S(=O)([N-]S(=O)(=O)C(F)(F)F)C(F)(F)F	CC[NH+](CC)CC	O=S(=O)([N-]S(=O)(=O)C(F)(F)F)C(F)(F)F	Triethylammonium bis(trifluoromethylsulfonyl)imide	...	https://iolitec.de/index.php/products/ionic_liquids/catalogue/ammonium-based/il-0355-hp
CCCCCCCC[N+](CC)(CC)CC.O=S(=O)([N-]S(=O)(=O)C(F)(F)F)C(F)(F)F	CCCCCCCC[N+](CC)(CC)CC	O=S(=O)([N-]S(=O)(=O)C(F)(F)F)C(F)(F)F	Triethyloctylammonium bis(trifluoromethylsulfonyl)imide	210230-48-1	https://iolitec.de/index.php/products/ionic_liquids/catalogue/ammonium-based/il-0328-hp
CCCCC[N+](CC)(CC)CC.O=S(=O)([N-]S(=O)(=O)C(F)(F)F)C(F)(F)F	CCCCC[N+](CC)(CC)CC	O=S(=O)([N-]S(=O)(=O)C(F)(F)F)C(F)(F)F	Triethylpentylammonium bis(trifluoromethylsulfonyl)imide	906478-91-9	https://iolitec.de/index.php/products/ionic_liquids/catalogue/ammonium-based/il-0350-hp
CC[S+](CC)CC.O=S(=O)([N-]S(=O)(=O)C(F)(F)F)C(F)(F)F	CC[S+](CC)CC	O=S(=O)([N-]S(=O)(=O)C(F)(F)F)C(F)(F)F	Triethylsulfonium bis(trifluoromethylsulfonyl)imide	321746-49-0	https://iolitec.de/index.php/products/ionic_liquids/catalogue/sulfonium-based/il-0030-hp
CC[S+](CC)CC.[I-]	CC[S+](CC)CC	[I-]	Triethylsulfonium iodide	1829-92-1	https://iolitec.de/index.php/products/ionic_liquids/catalogue/sulfonium-based/il-0258-hp
CC(CC(C)(C)C)CP(=O)([O-])CC(C)CC(C)(C)C.CCCCCCCCCCCCCC[P+](CCCCCC)(CCCCCC)CCCCCC	CCCCCCCCCCCCCC[P+](CCCCCC)(CCCCCC)CCCCCC	CC(CC(C)(C)C)CP(=O)([O-])CC(C)CC(C)(C)C	Trihexyltetradecylphosphonium bis(2,4,4-trimethylpentyl)phosphinate	465527-58-6	https://iolitec.de/index.php/products/ionic_liquids/catalogue/phosphonium-based/0009-tg
CCCCC(CC)COP(=O)([O-])OCC(CC)CCCC.CCCCCCCCCCCCCC[P+](CCCCCC)(CCCCCC)CCCCCC	CCCCCCCCCCCCCC[P+](CCCCCC)(CCCCCC)CCCCCC	CCCCC(CC)COP(=O)([O-])OCC(CC)CCCC	Trihexyltetradecylphosphonium bis(2-ethylhexyl)phosphate	1092655-30-5	https://iolitec.de/index.php/products/ionic_liquids/catalogue/phosphonium-based/0036-hp
CCCCCCCCCCCCCC[P+](CCCCCC)(CCCCCC)CCCCCC.O=S(=O)(F)[N-]S(=O)(=O)F	CCCCCCCCCCCCCC[P+](CCCCCC)(CCCCCC)CCCCCC	O=S(=O)(F)[N-]S(=O)(=O)F	Trihexyltetradecylphosphonium bis(fluorosulfonyl)imide	2253165-55-6	https://iolitec.de/index.php/products/ionic_liquids/catalogue/phosphonium-based/0044-hp
CCCCCCCCCCCCCC[P+](CCCCCC)(CCCCCC)CCCCCC.O=S(=O)([N-]S(=O)(=O)C(F)(F)C(F)(F)C(F)(F)C(F)(F)F)C(F)(F)C(F)(F)C(F)(F)C(F)(F)F	CCCCCCCCCCCCCC[P+](CCCCCC)(CCCCCC)CCCCCC	O=S(=O)([N-]S(=O)(=O)C(F)(F)C(F)(F)C(F)(F)C(F)(F)F)C(F)(F)C(F)(F)C(F)(F)C(F)(F)F	Trihexyltetradecylphosphonium bis(nonafluorobutanesulfonyl)imide	1256247-32-1 	https://iolitec.de/index.php/products/ionic_liquids/catalogue/phosphonium-based/0047-hp
CCCCCCCCCCCCCC[P+](CCCCCC)(CCCCCC)CCCCCC.O=S(=O)([N-]S(=O)(=O)C(F)(F)F)C(F)(F)F	CCCCCCCCCCCCCC[P+](CCCCCC)(CCCCCC)CCCCCC	O=S(=O)([N-]S(=O)(=O)C(F)(F)F)C(F)(F)F	Trihexyltetradecylphosphonium bis(trifluoromethylsulfonyl)imide	460092-03-9	https://iolitec.de/index.php/products/ionic_liquids/catalogue/phosphonium-based/0021-hp
CCCCCCCCCCCCCC[P+](CCCCCC)(CCCCCC)CCCCCC.[Br-]	CCCCCCCCCCCCCC[P+](CCCCCC)(CCCCCC)CCCCCC	[Br-]	Trihexyltetradecylphosphonium bromide	654057-97-3	https://iolitec.de/index.php/products/ionic_liquids/catalogue/phosphonium-based/0007-tg
CCCCCCCCCCCCCC[P+](CCCCCC)(CCCCCC)CCCCCC.[Cl-]	CCCCCCCCCCCCCC[P+](CCCCCC)(CCCCCC)CCCCCC	[Cl-]	Trihexyltetradecylphosphonium chloride	258864-54-9	https://iolitec.de/index.php/products/ionic_liquids/catalogue/phosphonium-based/0006-tg
CCCCCCCCCC(=O)[O-].CCCCCCCCCCCCCC[P+](CCCCCC)(CCCCCC)CCCCCC	CCCCCCCCCCCCCC[P+](CCCCCC)(CCCCCC)CCCCCC	CCCCCCCCCC(=O)[O-]	Trihexyltetradecylphosphonium decanoate	465527-65-5	https://iolitec.de/index.php/products/ionic_liquids/catalogue/phosphonium-based/0008-tg
CCCCCCCCCCCCCC[P+](CCCCCC)(CCCCCC)CCCCCC.N#CN=C=[N-]	CCCCCCCCCCCCCC[P+](CCCCCC)(CCCCCC)CCCCCC	N#CN=C=[N-]	Trihexyltetradecylphosphonium dicyanamide	701921-71-3	https://iolitec.de/index.php/products/ionic_liquids/catalogue/phosphonium-based/0010-tg
CCCCCCCCCCCCCC[P+](CCCCCC)(CCCCCC)CCCCCC.F[P-](F)(F)(F)(F)F	CCCCCCCCCCCCCC[P+](CCCCCC)(CCCCCC)CCCCCC	F[P-](F)(F)(F)(F)F	Trihexyltetradecylphosphonium hexafluorophosphate	374683-44-0	https://iolitec.de/index.php/products/ionic_liquids/catalogue/phosphonium-based/0012-tg
CCCCCCCCCCCCCC[P+](CCCCCC)(CCCCCC)CCCCCC.N#CC(=C=[N-])C#N	CCCCCCCCCCCCCC[P+](CCCCCC)(CCCCCC)CCCCCC	N#CC(=C=[N-])C#N	Trihexyltetradecylphosphonium tricyanomethanide	855788-60-2	https://iolitec.de/index.php/products/ionic_liquids/catalogue/phosphonium-based/0038-hp
C[S+](C)C.[I-]	C[S+](C)C	[I-]	Trimethylsulfonium iodide	2181-42-2	https://iolitec.de/index.php/products/ionic_liquids/catalogue/sulfonium-based/il-0259-hp
CC(=O)[O-].CC(=O)[O-].[Zn+2]	[Zn+2]	CC(=O)[O-]	Zinc acetate	557-34-6	https://iolitec.de/index.php/products/ionic_liquids/catalogue/miscellaneous-compounds/ki-0064-hp
O=S(=O)([N-]S(=O)(=O)C(F)(F)F)C(F)(F)F.O=S(=O)([N-]S(=O)(=O)C(F)(F)F)C(F)(F)F.[Zn+2]	[Zn+2]	O=S(=O)([N-]S(=O)(=O)C(F)(F)F)C(F)(F)F	Zinc bis(trifluoromethylsulfonyl)imide	168106-25-0	https://iolitec.de/index.php/products/ionic_liquids/catalogue/miscellaneous-compounds/ki-0062-hp
CS(=O)(=O)[O-].CS(=O)(=O)[O-].[Zn+2]	[Zn+2]	CS(=O)(=O)[O-]	Zinc methansulfonate	33684-80-9	https://iolitec.de/index.php/products/ionic_liquids/catalogue/miscellaneous-compounds/iolilyte-zbe-0200
O=S(=O)([O-])C(F)(F)F.O=S(=O)([O-])C(F)(F)F.[Zn+2]	[Zn+2]	O=S(=O)([O-])C(F)(F)F	Zinc trifluoromethanesulfonate	54010-75-2	https://iolitec.de/index.php/products/ionic_liquids/catalogue/miscellaneous-compounds/ki-0063-hp
O=S(=O)([O-])C(F)(F)F.O=S(=O)([O-])C(F)(F)F.[Zn+2]	[Zn+2]	O=S(=O)([O-])C(F)(F)F	Zinc trifluoromethansulfonate	54010-75-2	https://iolitec.de/index.php/products/ionic_liquids/catalogue/miscellaneous-compounds/iolilyte-zbe-0100
